date,city,temperature_2m,relative_humidity_2m,precipitation,wind_speed_10m
2026-09-19 00:00:00,Karachi,26.9,86,0.0,8.6
2026-09-19 01:00:00,Karachi,26.7,88,0.0,7.8
2026-09-19 02:00:00,Karachi,26.9,87,0.0,5.9
2026-09-19 03:00:00,Karachi,28.0,81,0.0,5.6
2026-09-19 04:00:00,Karachi,29.4,72,0.0,5.8
2026-09-19 05:00:00,Karachi,30.6,66,0.0,7.4
2026-09-19 06:00:00,Karachi,31.5,63,0.0,9.3
2026-09-19 07:00:00,Karachi,31.5,64,0.0,11.4
2026-09-19 08:00:00,Karachi,31.3,65,0.0,13.3
2026-09-19 09:00:00,Karachi,31.0,65,0.0,13.2
2026-09-19 10:00:00,Karachi,30.7,66,0.0,12.6
2026-09-19 11:00:00,Karachi,30.1,68,0.0,11.7
2026-09-19 12:00:00,Karachi,30.2,66,0.0,10.8
2026-09-19 13:00:00,Karachi,29.0,72,0.0,10.1
2026-09-19 14:00:00,Karachi,28.3,76,0.0,9.3
2026-09-19 15:00:00,Karachi,28.0,78,0.0,7.6
2026-09-19 16:00:00,Karachi,27.9,79,0.0,7.0
2026-09-19 17:00:00,Karachi,27.7,80,0.0,6.0
2026-09-19 18:00:00,Karachi,27.6,82,0.0,8.6
2026-09-19 19:00:00,Karachi,27.3,84,0.0,9.0
2026-09-19 20:00:00,Karachi,27.0,86,0.0,9.3
2026-09-19 21:00:00,Karachi,26.7,87,0.0,8.7
2026-09-19 22:00:00,Karachi,26.5,89,0.0,7.4
2026-09-19 23:00:00,Karachi,26.3,90,0.0,7.4
2026-09-20 00:00:00,Karachi,26.3,90,0.0,7.0
2026-09-20 01:00:00,Karachi,26.0,92,0.0,5.4
2026-09-20 02:00:00,Karachi,26.2,91,0.0,3.2
2026-09-20 03:00:00,Karachi,27.6,82,0.0,3.3
2026-09-20 04:00:00,Karachi,29.7,68,0.0,3.2
2026-09-20 05:00:00,Karachi,31.7,58,0.0,4.3
2026-09-20 06:00:00,Karachi,32.9,53,0.0,7.0
2026-09-20 07:00:00,Karachi,33.4,54,0.0,9.8
2026-09-20 08:00:00,Karachi,33.4,56,0.0,13.2
2026-09-20 09:00:00,Karachi,33.5,54,0.0,13.3
2026-09-20 10:00:00,Karachi,33.4,52,0.0,12.6
2026-09-20 11:00:00,Karachi,32.7,55,0.0,12.2
2026-09-20 12:00:00,Karachi,32.4,56,0.0,12.6
2026-09-20 13:00:00,Karachi,30.5,62,0.0,12.3
2026-09-20 14:00:00,Karachi,28.8,73,0.0,11.3
2026-09-20 15:00:00,Karachi,28.1,83,0.0,11.5
2026-09-20 16:00:00,Karachi,27.9,85,0.0,10.0
2026-09-20 17:00:00,Karachi,27.7,86,0.0,9.0
2026-09-20 18:00:00,Karachi,27.7,86,0.0,8.5
2026-09-20 19:00:00,Karachi,27.3,88,0.0,7.8
2026-09-20 20:00:00,Karachi,26.9,90,0.0,9.1
2026-09-20 21:00:00,Karachi,26.7,90,0.0,10.2
2026-09-20 22:00:00,Karachi,26.6,89,0.0,10.0
2026-09-20 23:00:00,Karachi,26.3,90,0.0,9.9
2026-09-21 00:00:00,Karachi,26.9,84,0.0,9.2
2026-09-21 01:00:00,Karachi,26.8,83,0.0,9.0
2026-09-21 02:00:00,Karachi,26.9,83,0.0,7.8
2026-09-21 03:00:00,Karachi,28.4,79,0.0,6.7
2026-09-21 04:00:00,Karachi,31.0,66,0.0,6.6
2026-09-21 05:00:00,Karachi,33.7,53,0.0,7.2
2026-09-21 06:00:00,Karachi,36.0,45,0.0,9.0
2026-09-21 07:00:00,Karachi,36.7,41,0.0,9.9
2026-09-21 08:00:00,Karachi,37.2,37,0.0,11.9
2026-09-21 09:00:00,Karachi,36.6,41,0.2,14.4
2026-09-21 10:00:00,Karachi,35.7,44,0.3,15.8
2026-09-21 11:00:00,Karachi,34.5,46,0.1,14.4
2026-09-21 12:00:00,Karachi,33.6,50,0.0,11.7
2026-09-21 13:00:00,Karachi,31.7,61,0.0,9.3
2026-09-21 14:00:00,Karachi,30.5,67,0.0,9.9
2026-09-21 15:00:00,Karachi,29.9,68,0.0,10.0
2026-09-21 16:00:00,Karachi,29.4,72,0.0,8.4
2026-09-21 17:00:00,Karachi,29.0,76,0.0,6.9
2026-09-21 18:00:00,Karachi,29.1,79,0.0,7.0
2026-09-21 19:00:00,Karachi,28.5,82,0.0,7.3
2026-09-21 20:00:00,Karachi,27.9,84,0.0,8.4
2026-09-21 21:00:00,Karachi,27.8,82,0.0,9.9
2026-09-21 22:00:00,Karachi,27.7,78,0.0,9.0
2026-09-21 23:00:00,Karachi,27.6,77,0.0,8.0
2026-09-22 00:00:00,Karachi,28.2,74,0.0,8.0
2026-09-22 01:00:00,Karachi,27.8,76,0.0,7.8
2026-09-22 02:00:00,Karachi,27.9,77,0.0,7.1
2026-09-22 03:00:00,Karachi,29.4,72,0.0,5.2
2026-09-22 04:00:00,Karachi,31.9,60,0.0,5.0
2026-09-22 05:00:00,Karachi,34.3,47,0.0,5.4
2026-09-22 06:00:00,Karachi,35.6,43,0.0,8.1
2026-09-22 07:00:00,Karachi,35.8,45,0.0,10.6
2026-09-22 08:00:00,Karachi,35.4,50,0.0,13.3
2026-09-22 09:00:00,Karachi,35.1,51,0.0,13.8
2026-09-22 10:00:00,Karachi,35.0,47,0.0,13.1
2026-09-22 11:00:00,Karachi,34.3,50,0.0,12.6
2026-09-22 12:00:00,Karachi,32.9,58,0.0,11.2
2026-09-22 13:00:00,Karachi,31.1,67,0.0,9.2
2026-09-22 14:00:00,Karachi,29.7,78,0.0,8.4
2026-09-22 15:00:00,Karachi,29.0,82,0.0,7.9
2026-09-22 16:00:00,Karachi,28.7,84,0.0,8.3
2026-09-22 17:00:00,Karachi,28.4,85,0.0,8.6
2026-09-22 18:00:00,Karachi,28.5,86,0.0,9.6
2026-09-22 19:00:00,Karachi,28.0,88,0.0,8.6
2026-09-22 20:00:00,Karachi,27.7,90,0.0,8.6
2026-09-22 21:00:00,Karachi,27.5,89,0.0,9.3
2026-09-22 22:00:00,Karachi,27.3,87,0.0,8.9
2026-09-22 23:00:00,Karachi,27.2,85,0.0,9.4
2026-09-23 00:00:00,Karachi,27.5,87,0.0,9.9
2026-09-23 01:00:00,Karachi,27.3,87,0.0,9.4
2026-09-23 02:00:00,Karachi,27.5,85,0.0,8.8
2026-09-23 03:00:00,Karachi,29.0,77,0.0,9.0
2026-09-23 04:00:00,Karachi,30.7,67,0.0,11.9
2026-09-23 05:00:00,Karachi,32.2,58,0.0,13.6
2026-09-23 06:00:00,Karachi,33.3,55,0.0,14.9
2026-09-23 07:00:00,Karachi,33.8,52,0.0,15.1
2026-09-23 08:00:00,Karachi,34.0,52,0.0,15.3
2026-09-23 09:00:00,Karachi,33.6,54,0.0,15.8
2026-09-23 10:00:00,Karachi,32.9,57,0.0,15.8
2026-09-23 11:00:00,Karachi,32.1,60,0.0,14.6
2026-09-23 12:00:00,Karachi,31.9,61,0.0,13.8
2026-09-23 13:00:00,Karachi,30.4,66,0.0,12.4
2026-09-23 14:00:00,Karachi,29.5,71,0.0,10.0
2026-09-23 15:00:00,Karachi,29.1,73,0.0,9.3
2026-09-23 16:00:00,Karachi,28.8,74,0.0,7.6
2026-09-23 17:00:00,Karachi,28.5,75,0.0,7.4
2026-09-23 18:00:00,Karachi,28.5,79,0.0,9.2
2026-09-23 19:00:00,Karachi,28.1,82,0.0,10.7
2026-09-23 20:00:00,Karachi,27.9,83,0.0,10.7
2026-09-23 21:00:00,Karachi,27.7,86,0.0,11.5
2026-09-23 22:00:00,Karachi,27.5,86,0.0,13.1
2026-09-23 23:00:00,Karachi,27.4,86,0.0,13.5
2026-09-24 00:00:00,Karachi,27.5,88,0.0,13.0
2026-09-24 01:00:00,Karachi,27.3,88,0.0,13.4
2026-09-24 02:00:00,Karachi,27.5,87,0.0,11.3
2026-09-24 03:00:00,Karachi,28.8,80,0.0,11.9
2026-09-24 04:00:00,Karachi,30.1,74,0.0,12.5
2026-09-24 05:00:00,Karachi,31.1,68,0.0,13.9
2026-09-24 06:00:00,Karachi,32.0,66,0.0,16.1
2026-09-24 07:00:00,Karachi,32.3,64,0.0,16.8
2026-09-24 08:00:00,Karachi,32.3,64,0.0,17.5
2026-09-24 09:00:00,Karachi,32.3,64,0.0,18.0
2026-09-24 10:00:00,Karachi,31.8,65,0.0,17.8
2026-09-24 11:00:00,Karachi,31.2,67,0.0,17.1
2026-09-24 12:00:00,Karachi,30.7,68,0.0,15.5
2026-09-24 13:00:00,Karachi,29.6,73,0.0,13.6
2026-09-24 14:00:00,Karachi,28.8,77,0.0,11.1
2026-09-24 15:00:00,Karachi,28.4,81,0.0,9.7
2026-09-24 16:00:00,Karachi,28.2,81,0.0,8.7
2026-09-24 17:00:00,Karachi,27.9,83,0.0,9.1
2026-09-24 18:00:00,Karachi,27.9,83,0.0,10.8
2026-09-24 19:00:00,Karachi,27.6,85,0.0,11.5
2026-09-24 20:00:00,Karachi,27.3,88,0.0,10.5
2026-09-24 21:00:00,Karachi,27.0,91,0.0,11.2
2026-09-24 22:00:00,Karachi,26.9,92,0.0,12.4
2026-09-24 23:00:00,Karachi,27.0,91,0.0,13.6
2026-09-25 00:00:00,Karachi,27.0,89,0.0,13.9
2026-09-25 01:00:00,Karachi,27.0,88,0.0,13.7
2026-09-25 02:00:00,Karachi,27.2,85,0.0,14.4
2026-09-25 03:00:00,Karachi,28.4,78,0.0,16.6
2026-09-25 04:00:00,Karachi,29.7,70,0.0,17.1
2026-09-25 05:00:00,Karachi,30.8,63,0.0,16.9
2026-09-25 06:00:00,Karachi,31.7,60,0.0,16.7
2026-09-25 07:00:00,Karachi,31.8,61,0.0,17.2
2026-09-25 08:00:00,Karachi,31.8,62,0.0,17.9
2026-09-25 09:00:00,Karachi,31.7,63,0.0,18.3
2026-09-25 10:00:00,Karachi,31.3,65,0.0,18.2
2026-09-25 11:00:00,Karachi,30.8,68,0.0,17.4
2026-09-25 12:00:00,Karachi,30.0,71,0.0,17.4
2026-09-25 13:00:00,Karachi,28.7,78,0.0,16.6
2026-09-25 14:00:00,Karachi,28.2,81,0.0,17.1
2026-09-25 15:00:00,Karachi,27.9,82,0.0,16.0
2026-09-25 16:00:00,Karachi,27.7,83,0.0,15.5
2026-09-25 17:00:00,Karachi,27.4,85,0.0,15.3
2026-09-25 18:00:00,Karachi,27.7,85,0.0,15.8
2026-09-25 19:00:00,Karachi,27.6,85,0.0,14.3
2026-09-25 20:00:00,Karachi,27.4,85,0.0,13.7
2026-09-25 21:00:00,Karachi,27.4,85,0.0,13.9
2026-09-25 22:00:00,Karachi,27.5,84,0.0,13.8
2026-09-25 23:00:00,Karachi,27.2,86,0.0,15.0
2026-09-26 00:00:00,Karachi,27.4,86,0.0,14.6
2026-09-26 01:00:00,Karachi,27.5,83,0.0,15.1
2026-09-26 02:00:00,Karachi,27.7,82,0.0,15.6
2026-09-26 03:00:00,Karachi,28.6,77,0.0,18.9
2026-09-26 04:00:00,Karachi,29.8,68,0.0,19.5
2026-09-26 05:00:00,Karachi,30.2,66,0.0,19.3
2026-09-26 06:00:00,Karachi,30.7,64,0.0,18.9
2026-09-26 07:00:00,Karachi,31.0,62,0.0,18.8
2026-09-26 08:00:00,Karachi,31.0,62,0.0,17.8
2026-09-26 09:00:00,Karachi,31.3,60,0.0,18.1
2026-09-26 10:00:00,Karachi,31.1,60,0.0,19.2
2026-09-26 11:00:00,Karachi,30.2,67,0.0,19.9
2026-09-26 12:00:00,Karachi,29.2,73,0.0,18.7
2026-09-26 13:00:00,Karachi,28.3,78,0.0,17.9
2026-09-26 14:00:00,Karachi,27.8,82,0.0,17.5
2026-09-26 15:00:00,Karachi,27.8,80,0.0,15.4
2026-09-26 16:00:00,Karachi,27.5,84,0.0,14.6
2026-09-26 17:00:00,Karachi,27.2,87,0.0,14.1
2026-09-26 18:00:00,Karachi,27.7,81,0.0,15.6
2026-09-26 19:00:00,Karachi,27.4,86,0.0,14.5
2026-09-26 20:00:00,Karachi,27.1,87,0.0,13.9
2026-09-26 21:00:00,Karachi,27.0,87,0.0,13.3
2026-09-26 22:00:00,Karachi,27.0,86,0.0,12.5
2026-09-26 23:00:00,Karachi,26.8,88,0.0,13.5
2026-09-27 00:00:00,Karachi,26.9,89,0.0,13.8
2026-09-27 01:00:00,Karachi,26.9,87,0.0,15.2
2026-09-27 02:00:00,Karachi,27.2,85,0.0,15.9
2026-09-27 03:00:00,Karachi,28.0,80,0.0,18.0
2026-09-27 04:00:00,Karachi,28.9,73,0.0,17.6
2026-09-27 05:00:00,Karachi,29.9,67,0.0,17.5
2026-09-27 06:00:00,Karachi,30.7,62,0.0,16.2
2026-09-27 07:00:00,Karachi,31.2,60,0.0,15.3
2026-09-27 08:00:00,Karachi,31.3,62,0.0,15.1
2026-09-27 09:00:00,Karachi,31.2,63,0.0,15.1
2026-09-27 10:00:00,Karachi,30.6,67,0.0,15.7
2026-09-27 11:00:00,Karachi,29.8,73,0.0,16.1
2026-09-27 12:00:00,Karachi,29.4,67,0.0,15.9
2026-09-27 13:00:00,Karachi,28.4,73,0.0,14.9
2026-09-27 14:00:00,Karachi,28.0,74,0.0,15.0
2026-09-27 15:00:00,Karachi,28.0,76,0.0,14.7
2026-09-27 16:00:00,Karachi,27.7,77,0.0,13.9
2026-09-27 17:00:00,Karachi,27.4,80,0.0,13.2
2026-09-27 18:00:00,Karachi,27.4,81,0.0,13.4
2026-09-27 19:00:00,Karachi,26.9,86,0.0,11.4
2026-09-27 20:00:00,Karachi,26.7,87,0.0,11.1
2026-09-27 21:00:00,Karachi,26.5,88,0.0,10.8
2026-09-27 22:00:00,Karachi,26.3,89,0.0,11.7
2026-09-27 23:00:00,Karachi,26.3,87,0.0,11.5
2026-09-28 00:00:00,Karachi,26.7,84,0.0,11.8
2026-09-28 01:00:00,Karachi,26.6,83,0.0,10.9
2026-09-28 02:00:00,Karachi,26.8,81,0.0,10.6
2026-09-28 03:00:00,Karachi,27.8,74,0.0,11.8
2026-09-28 04:00:00,Karachi,28.8,68,0.0,11.8
2026-09-28 05:00:00,Karachi,29.6,64,0.0,12.3
2026-09-28 06:00:00,Karachi,30.5,59,0.0,13.3
2026-09-28 07:00:00,Karachi,30.5,59,0.0,13.6
2026-09-28 08:00:00,Karachi,30.7,59,0.0,13.7
2026-09-28 09:00:00,Karachi,30.7,61,0.0,14.5
2026-09-28 10:00:00,Karachi,30.4,62,0.0,15.2
2026-09-28 11:00:00,Karachi,29.8,64,0.0,15.7
2026-09-28 12:00:00,Karachi,29.4,64,0.0,13.6
2026-09-28 13:00:00,Karachi,28.6,69,0.0,13.0
2026-09-28 14:00:00,Karachi,28.3,69,0.0,13.2
2026-09-28 15:00:00,Karachi,28.0,73,0.0,12.2
2026-09-28 16:00:00,Karachi,27.7,75,0.0,11.1
2026-09-28 17:00:00,Karachi,27.6,76,0.0,10.9
2026-09-28 18:00:00,Karachi,27.3,79,0.0,9.4
2026-09-28 19:00:00,Karachi,27.0,80,0.0,7.9
2026-09-28 20:00:00,Karachi,26.7,83,0.0,6.2
2026-09-28 21:00:00,Karachi,26.5,83,0.0,6.1
2026-09-28 22:00:00,Karachi,26.2,84,0.0,6.1
2026-09-28 23:00:00,Karachi,26.0,84,0.0,6.3
2026-09-29 00:00:00,Karachi,25.7,85,0.0,5.2
2026-09-29 01:00:00,Karachi,25.2,88,0.0,3.1
2026-09-29 02:00:00,Karachi,25.5,88,0.0,0.3
2026-09-29 03:00:00,Karachi,26.9,78,0.0,2.0
2026-09-29 04:00:00,Karachi,28.2,69,0.0,5.1
2026-09-29 05:00:00,Karachi,29.3,63,0.0,8.1
2026-09-29 06:00:00,Karachi,30.3,58,0.0,10.4
2026-09-29 07:00:00,Karachi,30.4,57,0.0,11.2
2026-09-29 08:00:00,Karachi,30.4,58,0.0,11.4
2026-09-29 09:00:00,Karachi,30.1,62,0.0,12.0
2026-09-29 10:00:00,Karachi,29.9,62,0.0,12.2
2026-09-29 11:00:00,Karachi,29.5,64,0.0,11.6
2026-09-29 12:00:00,Karachi,29.2,64,0.0,10.4
2026-09-29 13:00:00,Karachi,28.3,67,0.0,8.8
2026-09-29 14:00:00,Karachi,27.9,69,0.0,8.5
2026-09-29 15:00:00,Karachi,27.6,70,0.0,8.0
2026-09-29 16:00:00,Karachi,27.3,72,0.0,7.0
2026-09-29 17:00:00,Karachi,27.1,73,0.0,7.0
2026-09-29 18:00:00,Karachi,26.9,75,0.0,8.0
2026-09-29 19:00:00,Karachi,26.5,78,0.0,8.1
2026-09-29 20:00:00,Karachi,26.3,79,0.0,8.3
2026-09-29 21:00:00,Karachi,26.1,80,0.0,7.9
2026-09-29 22:00:00,Karachi,25.8,81,0.0,7.5
2026-09-29 23:00:00,Karachi,25.5,83,0.0,7.6
2026-09-30 00:00:00,Karachi,25.3,85,0.0,6.4
2026-09-30 01:00:00,Karachi,25.0,86,0.0,5.9
2026-09-30 02:00:00,Karachi,25.1,86,0.0,5.5
2026-09-30 03:00:00,Karachi,26.6,77,0.0,6.3
2026-09-30 04:00:00,Karachi,28.1,68,0.0,8.9
2026-09-30 05:00:00,Karachi,29.3,61,0.0,10.7
2026-09-30 06:00:00,Karachi,30.1,58,0.0,11.7
2026-09-30 07:00:00,Karachi,30.3,57,0.0,12.5
2026-09-30 08:00:00,Karachi,30.1,58,0.0,13.9
2026-09-30 09:00:00,Karachi,30.0,56,0.0,14.0
2026-09-30 10:00:00,Karachi,29.7,58,0.0,13.9
2026-09-30 11:00:00,Karachi,29.2,60,0.0,13.4
2026-09-30 12:00:00,Karachi,28.9,61,0.0,13.0
2026-09-30 13:00:00,Karachi,27.8,66,0.0,11.2
2026-09-30 14:00:00,Karachi,27.3,69,0.0,9.4
2026-09-30 15:00:00,Karachi,27.1,70,0.0,8.8
2026-09-30 16:00:00,Karachi,26.8,72,0.0,9.0
2026-09-30 17:00:00,Karachi,26.6,74,0.0,9.1
2026-09-30 18:00:00,Karachi,26.4,76,0.0,9.2
2026-09-30 19:00:00,Karachi,26.1,78,0.0,9.2
2026-09-30 20:00:00,Karachi,25.8,80,0.0,9.0
2026-09-30 21:00:00,Karachi,25.6,81,0.0,9.2
2026-09-30 22:00:00,Karachi,25.5,82,0.0,9.6
2026-09-30 23:00:00,Karachi,25.4,82,0.0,9.6
2026-10-01 00:00:00,Karachi,25.6,83,0.0,9.8
2026-10-01 01:00:00,Karachi,25.4,84,0.0,9.4
2026-10-01 02:00:00,Karachi,25.7,83,0.0,9.8
2026-10-01 03:00:00,Karachi,27.1,73,0.0,11.8
2026-10-01 04:00:00,Karachi,28.3,67,0.0,11.8
2026-10-01 05:00:00,Karachi,29.3,62,0.0,12.1
2026-10-01 06:00:00,Karachi,30.5,56,0.0,12.0
2026-10-01 07:00:00,Karachi,30.8,56,0.0,12.7
2026-10-01 08:00:00,Karachi,31.1,54,0.0,13.2
2026-10-01 09:00:00,Karachi,31.0,54,0.0,13.8
2026-10-01 10:00:00,Karachi,30.5,56,0.0,13.9
2026-10-01 11:00:00,Karachi,29.7,61,0.0,13.3
2026-10-01 12:00:00,Karachi,29.3,62,0.0,13.1
2026-10-01 13:00:00,Karachi,28.1,68,0.0,12.5
2026-10-01 14:00:00,Karachi,27.4,72,0.0,11.2
2026-10-01 15:00:00,Karachi,27.0,75,0.0,10.1
2026-10-01 16:00:00,Karachi,26.7,77,0.0,9.6
2026-10-01 17:00:00,Karachi,26.4,79,0.0,9.0
2026-10-01 18:00:00,Karachi,26.5,80,0.0,11.5
2026-10-01 19:00:00,Karachi,26.3,83,0.0,11.3
2026-10-01 20:00:00,Karachi,26.1,84,0.0,10.3
2026-10-01 21:00:00,Karachi,26.1,84,0.0,11.0
2026-10-01 22:00:00,Karachi,26.0,84,0.0,10.6
2026-10-01 23:00:00,Karachi,25.6,86,0.0,10.2
2026-10-02 00:00:00,Karachi,25.4,88,0.0,10.7
2026-10-02 01:00:00,Karachi,25.2,90,0.0,11.0
2026-10-02 02:00:00,Karachi,25.3,89,0.0,10.7
2026-10-02 03:00:00,Karachi,26.8,80,0.0,12.4
2026-10-02 04:00:00,Karachi,28.3,71,0.0,11.0
2026-10-02 05:00:00,Karachi,29.6,65,0.0,11.9
2026-10-02 06:00:00,Karachi,31.0,61,0.0,13.3
2026-10-02 07:00:00,Karachi,31.6,56,0.0,14.1
2026-10-02 08:00:00,Karachi,32.0,52,0.0,14.5
2026-10-02 09:00:00,Karachi,32.0,52,0.0,14.3
2026-10-02 10:00:00,Karachi,31.6,52,0.0,13.9
2026-10-02 11:00:00,Karachi,30.7,57,0.0,13.4
2026-10-02 12:00:00,Karachi,29.9,63,0.0,12.8
2026-10-02 13:00:00,Karachi,28.2,73,0.0,10.9
2026-10-02 14:00:00,Karachi,27.2,81,0.0,9.9
2026-10-02 15:00:00,Karachi,26.9,85,0.0,9.4
2026-10-02 16:00:00,Karachi,26.6,87,0.0,7.6
2026-10-02 17:00:00,Karachi,26.2,89,0.0,7.4
2026-10-02 18:00:00,Karachi,26.3,90,0.0,8.4
2026-10-02 19:00:00,Karachi,26.0,91,0.0,10.2
2026-10-02 20:00:00,Karachi,25.8,92,0.0,10.6
2026-10-02 21:00:00,Karachi,25.6,92,0.0,12.1
2026-10-02 22:00:00,Karachi,25.6,92,0.0,13.0
2026-10-02 23:00:00,Karachi,25.5,93,0.0,13.1
2026-09-19 00:00:00,Lahore,25.4,81,0.0,1.1
2026-09-19 01:00:00,Lahore,24.4,85,0.0,2.3
2026-09-19 02:00:00,Lahore,25.2,83,0.0,4.6
2026-09-19 03:00:00,Lahore,27.1,79,0.0,2.9
2026-09-19 04:00:00,Lahore,29.3,65,0.0,1.9
2026-09-19 05:00:00,Lahore,30.6,56,0.0,1.7
2026-09-19 06:00:00,Lahore,31.3,50,0.0,1.6
2026-09-19 07:00:00,Lahore,32.1,49,0.0,2.1
2026-09-19 08:00:00,Lahore,32.5,48,0.0,2.5
2026-09-19 09:00:00,Lahore,32.7,46,0.0,3.0
2026-09-19 10:00:00,Lahore,32.6,45,0.0,2.7
2026-09-19 11:00:00,Lahore,32.4,45,0.0,2.5
2026-09-19 12:00:00,Lahore,31.8,53,0.0,5.6
2026-09-19 13:00:00,Lahore,29.6,63,0.0,4.4
2026-09-19 14:00:00,Lahore,28.6,67,0.0,3.2
2026-09-19 15:00:00,Lahore,27.7,73,0.0,3.4
2026-09-19 16:00:00,Lahore,27.2,76,0.0,2.5
2026-09-19 17:00:00,Lahore,26.7,79,0.0,1.0
2026-09-19 18:00:00,Lahore,27.2,78,0.0,0.4
2026-09-19 19:00:00,Lahore,25.9,82,0.0,1.6
2026-09-19 20:00:00,Lahore,25.2,84,0.0,2.6
2026-09-19 21:00:00,Lahore,24.8,85,0.0,3.4
2026-09-19 22:00:00,Lahore,24.6,84,0.0,3.6
2026-09-19 23:00:00,Lahore,24.4,84,0.0,3.9
2026-09-20 00:00:00,Lahore,25.3,80,0.0,4.6
2026-09-20 01:00:00,Lahore,24.6,83,0.0,5.0
2026-09-20 02:00:00,Lahore,25.6,79,0.0,6.4
2026-09-20 03:00:00,Lahore,27.5,74,0.0,4.4
2026-09-20 04:00:00,Lahore,29.8,63,0.0,4.1
2026-09-20 05:00:00,Lahore,31.4,53,0.0,3.9
2026-09-20 06:00:00,Lahore,32.4,48,0.0,2.2
2026-09-20 07:00:00,Lahore,33.2,44,0.0,2.2
2026-09-20 08:00:00,Lahore,33.8,40,0.0,3.5
2026-09-20 09:00:00,Lahore,34.0,39,0.0,4.6
2026-09-20 10:00:00,Lahore,33.8,40,0.0,5.4
2026-09-20 11:00:00,Lahore,33.3,42,0.0,6.2
2026-09-20 12:00:00,Lahore,32.6,52,0.0,5.1
2026-09-20 13:00:00,Lahore,30.5,61,0.0,4.8
2026-09-20 14:00:00,Lahore,29.3,65,0.0,5.4
2026-09-20 15:00:00,Lahore,28.6,65,0.0,5.8
2026-09-20 16:00:00,Lahore,27.9,69,0.0,5.1
2026-09-20 17:00:00,Lahore,27.3,74,0.0,3.3
2026-09-20 18:00:00,Lahore,27.5,75,0.0,0.3
2026-09-20 19:00:00,Lahore,26.0,80,0.0,2.4
2026-09-20 20:00:00,Lahore,25.1,83,0.0,4.4
2026-09-20 21:00:00,Lahore,24.8,84,0.0,3.9
2026-09-20 22:00:00,Lahore,24.6,84,0.0,3.1
2026-09-20 23:00:00,Lahore,24.3,86,0.0,2.1
2026-09-21 00:00:00,Lahore,24.6,87,0.0,2.4
2026-09-21 01:00:00,Lahore,24.1,88,0.0,1.5
2026-09-21 02:00:00,Lahore,25.2,86,0.0,2.5
2026-09-21 03:00:00,Lahore,27.7,78,0.0,1.7
2026-09-21 04:00:00,Lahore,29.9,63,0.0,1.5
2026-09-21 05:00:00,Lahore,31.4,56,0.0,0.6
2026-09-21 06:00:00,Lahore,32.2,52,0.0,2.7
2026-09-21 07:00:00,Lahore,32.9,50,0.0,4.2
2026-09-21 08:00:00,Lahore,33.4,49,0.0,5.7
2026-09-21 09:00:00,Lahore,33.6,48,0.0,7.0
2026-09-21 10:00:00,Lahore,33.5,47,0.0,7.3
2026-09-21 11:00:00,Lahore,33.1,48,0.0,6.8
2026-09-21 12:00:00,Lahore,32.7,56,0.0,5.0
2026-09-21 13:00:00,Lahore,30.7,65,0.0,3.6
2026-09-21 14:00:00,Lahore,29.8,70,0.0,3.6
2026-09-21 15:00:00,Lahore,29.2,73,0.0,3.5
2026-09-21 16:00:00,Lahore,28.7,74,0.0,3.3
2026-09-21 17:00:00,Lahore,28.1,75,0.0,2.3
2026-09-21 18:00:00,Lahore,28.9,72,0.0,1.1
2026-09-21 19:00:00,Lahore,28.0,74,0.0,1.4
2026-09-21 20:00:00,Lahore,27.1,79,0.0,2.2
2026-09-21 21:00:00,Lahore,26.3,83,0.0,2.6
2026-09-21 22:00:00,Lahore,25.9,85,0.0,2.8
2026-09-21 23:00:00,Lahore,25.7,84,0.0,2.7
2026-09-22 00:00:00,Lahore,26.2,86,0.0,1.7
2026-09-22 01:00:00,Lahore,25.4,89,0.0,2.3
2026-09-22 02:00:00,Lahore,26.4,85,0.0,3.9
2026-09-22 03:00:00,Lahore,28.8,75,0.0,2.2
2026-09-22 04:00:00,Lahore,30.8,63,0.0,1.4
2026-09-22 05:00:00,Lahore,32.1,55,0.0,2.3
2026-09-22 06:00:00,Lahore,32.9,52,0.0,2.8
2026-09-22 07:00:00,Lahore,33.2,52,0.0,1.3
2026-09-22 08:00:00,Lahore,33.7,50,0.0,2.2
2026-09-22 09:00:00,Lahore,34.1,47,0.0,3.2
2026-09-22 10:00:00,Lahore,33.7,46,0.1,8.3
2026-09-22 11:00:00,Lahore,33.2,48,0.0,7.1
2026-09-22 12:00:00,Lahore,33.0,57,0.0,5.3
2026-09-22 13:00:00,Lahore,30.9,65,0.0,5.0
2026-09-22 14:00:00,Lahore,29.7,69,0.0,4.5
2026-09-22 15:00:00,Lahore,29.3,70,0.0,4.2
2026-09-22 16:00:00,Lahore,29.0,72,0.0,4.0
2026-09-22 17:00:00,Lahore,28.4,73,0.0,3.8
2026-09-22 18:00:00,Lahore,29.0,74,0.0,4.9
2026-09-22 19:00:00,Lahore,28.4,77,0.0,5.4
2026-09-22 20:00:00,Lahore,27.9,80,0.0,4.4
2026-09-22 21:00:00,Lahore,27.5,82,0.0,4.3
2026-09-22 22:00:00,Lahore,27.0,84,0.0,4.2
2026-09-22 23:00:00,Lahore,26.7,86,0.0,3.6
2026-09-23 00:00:00,Lahore,27.3,86,0.0,3.3
2026-09-23 01:00:00,Lahore,26.9,86,0.0,3.5
2026-09-23 02:00:00,Lahore,27.7,83,0.0,4.4
2026-09-23 03:00:00,Lahore,29.2,79,0.0,3.8
2026-09-23 04:00:00,Lahore,31.1,69,0.0,4.0
2026-09-23 05:00:00,Lahore,32.4,60,0.0,4.2
2026-09-23 06:00:00,Lahore,33.0,53,0.0,1.8
2026-09-23 07:00:00,Lahore,33.7,51,0.0,0.9
2026-09-23 08:00:00,Lahore,34.1,48,0.0,1.8
2026-09-23 09:00:00,Lahore,34.3,47,0.0,1.1
2026-09-23 10:00:00,Lahore,34.4,45,0.0,0.6
2026-09-23 11:00:00,Lahore,34.0,45,0.0,5.1
2026-09-23 12:00:00,Lahore,33.0,58,0.0,2.0
2026-09-23 13:00:00,Lahore,31.1,70,0.0,1.1
2026-09-23 14:00:00,Lahore,30.1,72,0.0,2.4
2026-09-23 15:00:00,Lahore,28.8,77,0.0,4.2
2026-09-23 16:00:00,Lahore,28.6,77,0.0,2.3
2026-09-23 17:00:00,Lahore,27.5,81,0.0,4.0
2026-09-23 18:00:00,Lahore,28.6,84,0.0,4.1
2026-09-23 19:00:00,Lahore,27.7,85,0.0,6.0
2026-09-23 20:00:00,Lahore,27.3,83,0.0,5.4
2026-09-23 21:00:00,Lahore,26.9,82,0.0,5.0
2026-09-23 22:00:00,Lahore,26.7,83,0.0,4.0
2026-09-23 23:00:00,Lahore,26.7,82,0.0,0.8
2026-09-24 00:00:00,Lahore,27.2,88,0.0,7.5
2026-09-24 01:00:00,Lahore,26.5,87,0.0,7.1
2026-09-24 02:00:00,Lahore,27.4,83,0.0,6.6
2026-09-24 03:00:00,Lahore,25.6,76,0.1,27.0
2026-09-24 04:00:00,Lahore,25.5,82,0.3,5.9
2026-09-24 05:00:00,Lahore,28.0,74,0.0,8.7
2026-09-24 06:00:00,Lahore,31.3,64,0.0,5.2
2026-09-24 07:00:00,Lahore,32.0,62,0.0,5.4
2026-09-24 08:00:00,Lahore,32.6,57,0.0,4.0
2026-09-24 09:00:00,Lahore,32.9,53,0.0,4.0
2026-09-24 10:00:00,Lahore,32.8,52,0.0,3.2
2026-09-24 11:00:00,Lahore,32.8,51,0.0,2.6
2026-09-24 12:00:00,Lahore,32.3,58,0.0,4.1
2026-09-24 13:00:00,Lahore,30.3,69,0.0,5.1
2026-09-24 14:00:00,Lahore,29.2,71,0.0,6.4
2026-09-24 15:00:00,Lahore,28.5,74,0.0,5.2
2026-09-24 16:00:00,Lahore,27.7,78,0.0,4.6
2026-09-24 17:00:00,Lahore,27.0,82,0.0,4.2
2026-09-24 18:00:00,Lahore,27.3,85,0.0,4.9
2026-09-24 19:00:00,Lahore,26.3,90,0.0,4.4
2026-09-24 20:00:00,Lahore,26.0,91,0.0,3.2
2026-09-24 21:00:00,Lahore,25.7,93,0.0,3.5
2026-09-24 22:00:00,Lahore,25.6,93,0.0,5.8
2026-09-24 23:00:00,Lahore,25.5,92,0.0,7.0
2026-09-25 00:00:00,Lahore,26.5,88,0.0,7.7
2026-09-25 01:00:00,Lahore,26.0,90,0.0,6.9
2026-09-25 02:00:00,Lahore,26.7,88,0.0,4.0
2026-09-25 03:00:00,Lahore,27.5,87,0.0,3.7
2026-09-25 04:00:00,Lahore,28.9,81,0.1,3.2
2026-09-25 05:00:00,Lahore,28.3,77,0.2,3.7
2026-09-25 06:00:00,Lahore,24.2,89,3.1,8.4
2026-09-25 07:00:00,Lahore,27.9,74,0.1,2.3
2026-09-25 08:00:00,Lahore,30.3,64,0.0,1.3
2026-09-25 09:00:00,Lahore,30.9,59,0.0,3.6
2026-09-25 10:00:00,Lahore,31.0,58,0.0,3.9
2026-09-25 11:00:00,Lahore,30.8,59,0.0,3.6
2026-09-25 12:00:00,Lahore,31.3,58,0.0,1.8
2026-09-25 13:00:00,Lahore,29.6,70,0.0,3.8
2026-09-25 14:00:00,Lahore,28.9,72,0.0,3.6
2026-09-25 15:00:00,Lahore,28.4,74,0.0,3.5
2026-09-25 16:00:00,Lahore,27.4,80,0.0,4.1
2026-09-25 17:00:00,Lahore,26.8,81,0.0,4.2
2026-09-25 18:00:00,Lahore,26.9,81,0.0,4.4
2026-09-25 19:00:00,Lahore,25.7,86,0.0,4.4
2026-09-25 20:00:00,Lahore,25.3,88,0.0,3.6
2026-09-25 21:00:00,Lahore,25.0,90,0.0,3.3
2026-09-25 22:00:00,Lahore,24.7,91,0.0,3.6
2026-09-25 23:00:00,Lahore,24.6,91,0.0,2.8
2026-09-26 00:00:00,Lahore,24.8,84,0.0,2.6
2026-09-26 01:00:00,Lahore,23.7,89,0.0,3.5
2026-09-26 02:00:00,Lahore,24.6,86,0.0,3.6
2026-09-26 03:00:00,Lahore,26.6,82,0.0,0.7
2026-09-26 04:00:00,Lahore,28.9,69,0.0,1.1
2026-09-26 05:00:00,Lahore,30.4,57,0.0,3.7
2026-09-26 06:00:00,Lahore,31.1,55,0.0,4.7
2026-09-26 07:00:00,Lahore,31.6,52,0.0,5.8
2026-09-26 08:00:00,Lahore,32.1,50,0.0,6.9
2026-09-26 09:00:00,Lahore,32.2,48,0.0,8.0
2026-09-26 10:00:00,Lahore,32.0,48,0.0,7.7
2026-09-26 11:00:00,Lahore,31.5,51,0.0,6.3
2026-09-26 12:00:00,Lahore,31.6,52,0.0,1.2
2026-09-26 13:00:00,Lahore,29.6,65,0.0,1.7
2026-09-26 14:00:00,Lahore,29.0,67,0.0,1.5
2026-09-26 15:00:00,Lahore,28.2,71,0.0,2.0
2026-09-26 16:00:00,Lahore,27.4,75,0.0,2.3
2026-09-26 17:00:00,Lahore,26.9,78,0.0,0.6
2026-09-26 18:00:00,Lahore,27.1,77,0.0,0.0
2026-09-26 19:00:00,Lahore,25.7,81,0.0,2.2
2026-09-26 20:00:00,Lahore,25.0,84,0.0,1.3
2026-09-26 21:00:00,Lahore,24.6,85,0.0,1.1
2026-09-26 22:00:00,Lahore,24.2,87,0.0,0.9
2026-09-26 23:00:00,Lahore,23.8,89,0.0,1.3
2026-09-27 00:00:00,Lahore,24.0,84,0.0,5.6
2026-09-27 01:00:00,Lahore,23.6,88,0.0,4.8
2026-09-27 02:00:00,Lahore,24.6,86,0.0,6.5
2026-09-27 03:00:00,Lahore,26.0,82,0.0,5.4
2026-09-27 04:00:00,Lahore,27.9,75,0.0,6.1
2026-09-27 05:00:00,Lahore,29.6,66,0.0,6.3
2026-09-27 06:00:00,Lahore,30.8,56,0.0,3.3
2026-09-27 07:00:00,Lahore,31.4,54,0.0,2.7
2026-09-27 08:00:00,Lahore,31.9,52,0.0,3.6
2026-09-27 09:00:00,Lahore,32.0,50,0.0,3.8
2026-09-27 10:00:00,Lahore,31.7,52,0.0,4.4
2026-09-27 11:00:00,Lahore,31.4,54,0.0,4.7
2026-09-27 12:00:00,Lahore,30.8,60,0.0,5.4
2026-09-27 13:00:00,Lahore,29.0,69,0.0,3.8
2026-09-27 14:00:00,Lahore,27.8,74,0.0,6.4
2026-09-27 15:00:00,Lahore,27.0,78,0.0,8.4
2026-09-27 16:00:00,Lahore,26.3,80,0.0,11.1
2026-09-27 17:00:00,Lahore,25.7,83,0.0,12.3
2026-09-27 18:00:00,Lahore,25.4,86,0.0,12.1
2026-09-27 19:00:00,Lahore,24.8,88,0.0,8.9
2026-09-27 20:00:00,Lahore,24.3,89,0.0,6.9
2026-09-27 21:00:00,Lahore,23.7,90,0.0,6.2
2026-09-27 22:00:00,Lahore,23.1,90,0.0,7.5
2026-09-27 23:00:00,Lahore,22.5,90,0.0,7.2
2026-09-28 00:00:00,Lahore,22.8,87,0.0,10.2
2026-09-28 01:00:00,Lahore,22.2,89,0.0,5.2
2026-09-28 02:00:00,Lahore,22.8,87,0.0,3.6
2026-09-28 03:00:00,Lahore,24.2,80,0.0,13.2
2026-09-28 04:00:00,Lahore,25.1,74,0.0,12.4
2026-09-28 05:00:00,Lahore,26.6,70,0.0,3.3
2026-09-28 06:00:00,Lahore,27.2,65,0.0,6.1
2026-09-28 07:00:00,Lahore,27.8,62,0.0,8.8
2026-09-28 08:00:00,Lahore,28.2,61,0.0,9.1
2026-09-28 09:00:00,Lahore,29.0,57,0.0,9.1
2026-09-28 10:00:00,Lahore,29.1,57,0.0,7.1
2026-09-28 11:00:00,Lahore,29.0,57,0.0,3.9
2026-09-28 12:00:00,Lahore,28.6,62,0.0,6.3
2026-09-28 13:00:00,Lahore,27.2,73,0.0,3.4
2026-09-28 14:00:00,Lahore,26.2,78,0.0,4.6
2026-09-28 15:00:00,Lahore,25.6,82,0.0,3.5
2026-09-28 16:00:00,Lahore,25.4,82,0.0,1.1
2026-09-28 17:00:00,Lahore,24.9,83,0.0,0.2
2026-09-28 18:00:00,Lahore,24.7,88,0.0,2.7
2026-09-28 19:00:00,Lahore,24.2,88,0.0,1.2
2026-09-28 20:00:00,Lahore,23.9,89,0.0,0.7
2026-09-28 21:00:00,Lahore,23.4,92,0.0,2.3
2026-09-28 22:00:00,Lahore,23.1,93,0.0,2.1
2026-09-28 23:00:00,Lahore,22.9,94,0.0,3.6
2026-09-29 00:00:00,Lahore,23.8,87,0.0,4.0
2026-09-29 01:00:00,Lahore,23.1,87,0.0,3.8
2026-09-29 02:00:00,Lahore,24.0,85,0.0,3.6
2026-09-29 03:00:00,Lahore,25.5,79,0.0,1.4
2026-09-29 04:00:00,Lahore,27.2,69,0.0,2.1
2026-09-29 05:00:00,Lahore,28.4,64,0.0,4.0
2026-09-29 06:00:00,Lahore,29.6,58,0.0,7.4
2026-09-29 07:00:00,Lahore,30.1,55,0.0,9.0
2026-09-29 08:00:00,Lahore,30.6,54,0.0,10.0
2026-09-29 09:00:00,Lahore,30.8,54,0.0,10.1
2026-09-29 10:00:00,Lahore,30.6,54,0.0,9.7
2026-09-29 11:00:00,Lahore,30.2,54,0.0,8.2
2026-09-29 12:00:00,Lahore,29.6,57,0.0,8.0
2026-09-29 13:00:00,Lahore,27.6,67,0.0,5.0
2026-09-29 14:00:00,Lahore,27.1,70,0.0,5.0
2026-09-29 15:00:00,Lahore,26.4,72,0.0,4.7
2026-09-29 16:00:00,Lahore,25.7,76,0.0,4.4
2026-09-29 17:00:00,Lahore,25.1,77,0.0,4.9
2026-09-29 18:00:00,Lahore,25.2,78,0.0,4.7
2026-09-29 19:00:00,Lahore,24.2,80,0.0,5.2
2026-09-29 20:00:00,Lahore,23.6,81,0.0,6.0
2026-09-29 21:00:00,Lahore,23.2,82,0.0,6.3
2026-09-29 22:00:00,Lahore,22.9,81,0.0,5.9
2026-09-29 23:00:00,Lahore,22.6,82,0.0,5.5
2026-09-30 00:00:00,Lahore,23.1,80,0.0,5.4
2026-09-30 01:00:00,Lahore,22.4,82,0.0,4.8
2026-09-30 02:00:00,Lahore,23.4,79,0.0,4.7
2026-09-30 03:00:00,Lahore,25.1,76,0.0,3.2
2026-09-30 04:00:00,Lahore,27.3,67,0.0,4.0
2026-09-30 05:00:00,Lahore,29.1,58,0.0,5.2
2026-09-30 06:00:00,Lahore,30.9,48,0.0,6.7
2026-09-30 07:00:00,Lahore,31.5,45,0.0,7.2
2026-09-30 08:00:00,Lahore,31.9,44,0.0,8.1
2026-09-30 09:00:00,Lahore,32.0,44,0.0,8.3
2026-09-30 10:00:00,Lahore,31.8,47,0.0,8.3
2026-09-30 11:00:00,Lahore,31.3,51,0.0,6.7
2026-09-30 12:00:00,Lahore,30.8,57,0.0,6.5
2026-09-30 13:00:00,Lahore,29.2,66,0.0,4.2
2026-09-30 14:00:00,Lahore,28.9,69,0.0,2.0
2026-09-30 15:00:00,Lahore,28.4,72,0.0,0.6
2026-09-30 16:00:00,Lahore,27.7,74,0.0,0.6
2026-09-30 17:00:00,Lahore,26.8,78,0.0,0.6
2026-09-30 18:00:00,Lahore,26.6,84,0.0,0.7
2026-09-30 19:00:00,Lahore,25.8,86,0.0,0.4
2026-09-30 20:00:00,Lahore,25.0,90,0.0,1.9
2026-09-30 21:00:00,Lahore,24.6,91,0.0,3.1
2026-09-30 22:00:00,Lahore,24.3,91,0.0,2.8
2026-09-30 23:00:00,Lahore,23.9,91,0.0,3.1
2026-10-01 00:00:00,Lahore,24.4,84,0.0,4.2
2026-10-01 01:00:00,Lahore,23.6,86,0.0,3.2
2026-10-01 02:00:00,Lahore,24.3,83,0.0,3.8
2026-10-01 03:00:00,Lahore,26.3,77,0.0,2.6
2026-10-01 04:00:00,Lahore,28.5,68,0.0,3.2
2026-10-01 05:00:00,Lahore,30.0,63,0.0,4.7
2026-10-01 06:00:00,Lahore,31.6,57,0.0,6.4
2026-10-01 07:00:00,Lahore,32.4,52,0.0,6.3
2026-10-01 08:00:00,Lahore,33.2,46,0.0,6.9
2026-10-01 09:00:00,Lahore,33.4,44,0.0,7.3
2026-10-01 10:00:00,Lahore,33.2,44,0.0,7.7
2026-10-01 11:00:00,Lahore,32.6,47,0.0,6.6
2026-10-01 12:00:00,Lahore,31.8,50,0.0,5.7
2026-10-01 13:00:00,Lahore,30.1,58,0.0,3.9
2026-10-01 14:00:00,Lahore,29.6,60,0.0,3.1
2026-10-01 15:00:00,Lahore,29.2,62,0.0,2.0
2026-10-01 16:00:00,Lahore,28.7,63,0.0,0.8
2026-10-01 17:00:00,Lahore,27.6,66,0.0,0.0
2026-10-01 18:00:00,Lahore,27.3,72,0.0,0.3
2026-10-01 19:00:00,Lahore,26.5,73,0.0,0.8
2026-10-01 20:00:00,Lahore,26.0,74,0.0,1.7
2026-10-01 21:00:00,Lahore,25.6,76,0.0,2.1
2026-10-01 22:00:00,Lahore,25.2,78,0.0,2.1
2026-10-01 23:00:00,Lahore,24.8,80,0.0,1.9
2026-10-02 00:00:00,Lahore,24.6,87,0.0,2.1
2026-10-02 01:00:00,Lahore,23.4,92,0.0,2.9
2026-10-02 02:00:00,Lahore,24.6,87,0.0,3.8
2026-10-02 03:00:00,Lahore,26.8,81,0.0,3.1
2026-10-02 04:00:00,Lahore,29.2,68,0.0,3.1
2026-10-02 05:00:00,Lahore,30.8,61,0.0,1.8
2026-10-02 06:00:00,Lahore,32.6,50,0.0,2.7
2026-10-02 07:00:00,Lahore,33.4,47,0.0,3.9
2026-10-02 08:00:00,Lahore,33.9,44,0.0,5.3
2026-10-02 09:00:00,Lahore,34.1,43,0.0,6.0
2026-10-02 10:00:00,Lahore,34.0,42,0.0,5.7
2026-10-02 11:00:00,Lahore,33.5,45,0.0,4.4
2026-10-02 12:00:00,Lahore,33.0,53,0.0,3.6
2026-10-02 13:00:00,Lahore,31.6,56,0.0,2.5
2026-10-02 14:00:00,Lahore,30.6,61,0.0,1.2
2026-10-02 15:00:00,Lahore,28.8,68,0.0,3.9
2026-10-02 16:00:00,Lahore,27.6,72,0.0,5.2
2026-10-02 17:00:00,Lahore,27.0,74,0.0,4.4
2026-10-02 18:00:00,Lahore,27.0,82,0.0,2.7
2026-10-02 19:00:00,Lahore,26.0,85,0.0,1.3
2026-10-02 20:00:00,Lahore,25.4,89,0.0,0.2
2026-10-02 21:00:00,Lahore,24.8,93,0.0,1.4
2026-10-02 22:00:00,Lahore,24.5,93,0.0,3.1
2026-10-02 23:00:00,Lahore,24.6,91,0.0,2.3
2026-09-19 00:00:00,Peshawar,22.6,78,0.0,2.9
2026-09-19 01:00:00,Peshawar,22.0,80,0.0,1.8
2026-09-19 02:00:00,Peshawar,22.7,77,0.0,2.7
2026-09-19 03:00:00,Peshawar,24.5,73,0.0,2.7
2026-09-19 04:00:00,Peshawar,26.6,64,0.0,4.5
2026-09-19 05:00:00,Peshawar,28.4,59,0.0,4.2
2026-09-19 06:00:00,Peshawar,29.8,56,0.0,4.0
2026-09-19 07:00:00,Peshawar,30.9,51,0.0,4.9
2026-09-19 08:00:00,Peshawar,31.5,48,0.0,5.4
2026-09-19 09:00:00,Peshawar,31.8,48,0.0,5.4
2026-09-19 10:00:00,Peshawar,31.7,48,0.0,5.6
2026-09-19 11:00:00,Peshawar,31.1,51,0.0,6.4
2026-09-19 12:00:00,Peshawar,30.7,57,0.0,5.6
2026-09-19 13:00:00,Peshawar,28.9,66,0.0,4.8
2026-09-19 14:00:00,Peshawar,27.5,68,0.0,6.7
2026-09-19 15:00:00,Peshawar,26.3,69,0.0,7.3
2026-09-19 16:00:00,Peshawar,25.4,69,0.0,4.9
2026-09-19 17:00:00,Peshawar,25.1,71,0.0,1.3
2026-09-19 18:00:00,Peshawar,25.1,74,0.0,1.9
2026-09-19 19:00:00,Peshawar,24.9,73,0.0,0.6
2026-09-19 20:00:00,Peshawar,24.7,73,0.0,1.4
2026-09-19 21:00:00,Peshawar,24.4,73,0.0,0.7
2026-09-19 22:00:00,Peshawar,24.1,75,0.0,0.5
2026-09-19 23:00:00,Peshawar,23.6,78,0.0,0.5
2026-09-20 00:00:00,Peshawar,23.6,77,0.0,1.3
2026-09-20 01:00:00,Peshawar,23.2,77,0.0,2.2
2026-09-20 02:00:00,Peshawar,23.7,74,0.0,3.5
2026-09-20 03:00:00,Peshawar,24.9,73,0.0,2.7
2026-09-20 04:00:00,Peshawar,26.9,68,0.0,3.5
2026-09-20 05:00:00,Peshawar,28.6,64,0.0,3.3
2026-09-20 06:00:00,Peshawar,29.9,59,0.0,1.8
2026-09-20 07:00:00,Peshawar,31.0,55,0.0,2.8
2026-09-20 08:00:00,Peshawar,31.8,53,0.0,4.0
2026-09-20 09:00:00,Peshawar,31.7,52,0.0,3.6
2026-09-20 10:00:00,Peshawar,32.1,50,0.0,1.5
2026-09-20 11:00:00,Peshawar,31.9,50,0.0,3.0
2026-09-20 12:00:00,Peshawar,31.4,54,0.0,4.7
2026-09-20 13:00:00,Peshawar,29.7,65,0.0,2.0
2026-09-20 14:00:00,Peshawar,28.2,70,0.0,0.7
2026-09-20 15:00:00,Peshawar,26.8,76,0.0,2.7
2026-09-20 16:00:00,Peshawar,26.3,79,0.0,2.6
2026-09-20 17:00:00,Peshawar,25.8,80,0.0,3.5
2026-09-20 18:00:00,Peshawar,25.9,81,0.0,3.1
2026-09-20 19:00:00,Peshawar,25.7,80,0.0,3.6
2026-09-20 20:00:00,Peshawar,25.7,79,0.0,3.2
2026-09-20 21:00:00,Peshawar,25.4,79,0.0,2.2
2026-09-20 22:00:00,Peshawar,24.8,81,0.0,2.2
2026-09-20 23:00:00,Peshawar,24.4,82,0.0,1.5
2026-09-21 00:00:00,Peshawar,23.7,85,0.0,2.4
2026-09-21 01:00:00,Peshawar,23.7,83,0.0,1.0
2026-09-21 02:00:00,Peshawar,24.5,77,0.0,3.0
2026-09-21 03:00:00,Peshawar,25.6,76,0.0,3.1
2026-09-21 04:00:00,Peshawar,27.2,71,0.0,3.1
2026-09-21 05:00:00,Peshawar,28.9,66,0.0,3.4
2026-09-21 06:00:00,Peshawar,30.4,60,0.0,1.5
2026-09-21 07:00:00,Peshawar,31.5,57,0.0,3.6
2026-09-21 08:00:00,Peshawar,32.2,52,0.0,5.2
2026-09-21 09:00:00,Peshawar,32.7,48,0.0,5.6
2026-09-21 10:00:00,Peshawar,32.8,46,0.0,6.3
2026-09-21 11:00:00,Peshawar,32.4,48,0.0,5.9
2026-09-21 12:00:00,Peshawar,31.8,60,0.0,4.4
2026-09-21 13:00:00,Peshawar,29.4,73,0.0,2.7
2026-09-21 14:00:00,Peshawar,27.8,76,0.0,3.2
2026-09-21 15:00:00,Peshawar,26.9,79,0.0,2.4
2026-09-21 16:00:00,Peshawar,26.7,78,0.0,1.4
2026-09-21 17:00:00,Peshawar,26.7,74,0.0,0.7
2026-09-21 18:00:00,Peshawar,26.6,74,0.0,2.4
2026-09-21 19:00:00,Peshawar,26.5,73,0.0,0.7
2026-09-21 20:00:00,Peshawar,26.0,76,0.0,1.3
2026-09-21 21:00:00,Peshawar,25.3,80,0.0,1.3
2026-09-21 22:00:00,Peshawar,24.6,84,0.0,2.0
2026-09-21 23:00:00,Peshawar,24.4,82,0.0,1.1
2026-09-22 00:00:00,Peshawar,23.9,82,0.0,3.1
2026-09-22 01:00:00,Peshawar,23.6,81,0.0,1.5
2026-09-22 02:00:00,Peshawar,24.3,76,0.0,3.6
2026-09-22 03:00:00,Peshawar,25.6,75,0.0,2.0
2026-09-22 04:00:00,Peshawar,27.4,70,0.0,2.9
2026-09-22 05:00:00,Peshawar,29.1,64,0.0,1.9
2026-09-22 06:00:00,Peshawar,30.7,61,0.0,2.3
2026-09-22 07:00:00,Peshawar,31.8,59,0.0,3.5
2026-09-22 08:00:00,Peshawar,32.6,56,0.0,4.7
2026-09-22 09:00:00,Peshawar,32.8,55,0.0,6.4
2026-09-22 10:00:00,Peshawar,32.9,54,0.0,7.5
2026-09-22 11:00:00,Peshawar,32.3,54,0.0,7.4
2026-09-22 12:00:00,Peshawar,31.8,60,0.0,4.5
2026-09-22 13:00:00,Peshawar,29.4,69,0.0,2.5
2026-09-22 14:00:00,Peshawar,27.9,68,0.0,8.0
2026-09-22 15:00:00,Peshawar,26.7,73,0.0,7.0
2026-09-22 16:00:00,Peshawar,25.9,76,0.0,3.8
2026-09-22 17:00:00,Peshawar,26.2,73,0.0,1.2
2026-09-22 18:00:00,Peshawar,26.4,74,0.0,1.5
2026-09-22 19:00:00,Peshawar,25.8,78,0.0,2.4
2026-09-22 20:00:00,Peshawar,25.3,81,0.0,2.7
2026-09-22 21:00:00,Peshawar,24.8,83,0.0,1.3
2026-09-22 22:00:00,Peshawar,24.5,83,0.0,0.8
2026-09-22 23:00:00,Peshawar,24.0,83,0.0,0.6
2026-09-23 00:00:00,Peshawar,23.3,87,0.0,2.2
2026-09-23 01:00:00,Peshawar,22.9,87,0.0,1.0
2026-09-23 02:00:00,Peshawar,23.6,82,0.0,4.1
2026-09-23 03:00:00,Peshawar,25.3,77,0.0,2.5
2026-09-23 04:00:00,Peshawar,27.3,75,0.0,3.6
2026-09-23 05:00:00,Peshawar,29.1,68,0.0,3.9
2026-09-23 06:00:00,Peshawar,30.9,63,0.0,2.3
2026-09-23 07:00:00,Peshawar,32.2,58,0.0,1.7
2026-09-23 08:00:00,Peshawar,32.8,55,0.0,5.6
2026-09-23 09:00:00,Peshawar,32.9,54,0.0,7.5
2026-09-23 10:00:00,Peshawar,32.6,53,0.0,8.2
2026-09-23 11:00:00,Peshawar,32.1,55,0.0,9.0
2026-09-23 12:00:00,Peshawar,31.9,60,0.0,4.4
2026-09-23 13:00:00,Peshawar,29.0,71,0.0,9.7
2026-09-23 14:00:00,Peshawar,27.9,71,0.0,9.7
2026-09-23 15:00:00,Peshawar,26.7,78,0.0,3.4
2026-09-23 16:00:00,Peshawar,26.3,79,0.0,2.7
2026-09-23 17:00:00,Peshawar,26.2,77,0.0,1.7
2026-09-23 18:00:00,Peshawar,26.3,83,0.0,2.9
2026-09-23 19:00:00,Peshawar,26.3,81,0.0,1.3
2026-09-23 20:00:00,Peshawar,26.1,81,0.0,1.0
2026-09-23 21:00:00,Peshawar,25.4,84,0.0,1.3
2026-09-23 22:00:00,Peshawar,25.0,85,0.0,0.9
2026-09-23 23:00:00,Peshawar,24.8,83,0.0,1.1
2026-09-24 00:00:00,Peshawar,25.0,80,0.0,1.0
2026-09-24 01:00:00,Peshawar,24.4,81,0.0,3.3
2026-09-24 02:00:00,Peshawar,24.6,77,0.0,7.1
2026-09-24 03:00:00,Peshawar,25.7,71,0.0,2.7
2026-09-24 04:00:00,Peshawar,27.8,64,0.0,3.8
2026-09-24 05:00:00,Peshawar,29.1,60,0.0,5.7
2026-09-24 06:00:00,Peshawar,31.3,55,0.0,4.3
2026-09-24 07:00:00,Peshawar,31.8,55,0.0,7.1
2026-09-24 08:00:00,Peshawar,31.8,55,0.0,8.8
2026-09-24 09:00:00,Peshawar,31.6,52,0.0,11.9
2026-09-24 10:00:00,Peshawar,29.3,56,0.1,15.0
2026-09-24 11:00:00,Peshawar,27.4,63,0.2,10.1
2026-09-24 12:00:00,Peshawar,30.7,57,0.1,3.4
2026-09-24 13:00:00,Peshawar,28.4,73,0.0,4.1
2026-09-24 14:00:00,Peshawar,27.2,79,0.0,8.8
2026-09-24 15:00:00,Peshawar,26.5,74,0.0,10.5
2026-09-24 16:00:00,Peshawar,25.9,68,0.0,7.9
2026-09-24 17:00:00,Peshawar,25.4,72,0.0,0.7
2026-09-24 18:00:00,Peshawar,24.7,77,0.0,4.2
2026-09-24 19:00:00,Peshawar,24.2,80,0.0,2.7
2026-09-24 20:00:00,Peshawar,24.3,79,0.0,1.0
2026-09-24 21:00:00,Peshawar,24.1,80,0.0,0.4
2026-09-24 22:00:00,Peshawar,23.5,85,0.0,2.0
2026-09-24 23:00:00,Peshawar,23.1,87,0.0,1.7
2026-09-25 00:00:00,Peshawar,21.6,93,0.0,2.6
2026-09-25 01:00:00,Peshawar,21.5,95,0.2,1.0
2026-09-25 02:00:00,Peshawar,21.6,96,0.0,4.0
2026-09-25 03:00:00,Peshawar,22.9,84,0.0,1.7
2026-09-25 04:00:00,Peshawar,24.9,69,0.0,2.0
2026-09-25 05:00:00,Peshawar,26.4,65,0.0,3.3
2026-09-25 06:00:00,Peshawar,28.4,55,0.0,5.1
2026-09-25 07:00:00,Peshawar,29.4,50,0.0,0.6
2026-09-25 08:00:00,Peshawar,30.1,48,0.0,0.6
2026-09-25 09:00:00,Peshawar,30.5,48,0.0,2.9
2026-09-25 10:00:00,Peshawar,30.6,49,0.0,1.9
2026-09-25 11:00:00,Peshawar,30.7,49,0.0,0.8
2026-09-25 12:00:00,Peshawar,29.9,56,0.0,2.7
2026-09-25 13:00:00,Peshawar,27.6,68,0.0,2.2
2026-09-25 14:00:00,Peshawar,25.9,74,0.0,3.1
2026-09-25 15:00:00,Peshawar,25.5,74,0.0,0.0
2026-09-25 16:00:00,Peshawar,25.0,74,0.0,0.6
2026-09-25 17:00:00,Peshawar,24.7,74,0.0,1.1
2026-09-25 18:00:00,Peshawar,24.5,77,0.0,3.1
2026-09-25 19:00:00,Peshawar,24.2,76,0.0,3.3
2026-09-25 20:00:00,Peshawar,24.2,74,0.0,1.8
2026-09-25 21:00:00,Peshawar,23.8,75,0.0,0.4
2026-09-25 22:00:00,Peshawar,23.0,79,0.0,1.6
2026-09-25 23:00:00,Peshawar,22.7,79,0.0,0.9
2026-09-26 00:00:00,Peshawar,22.4,77,0.0,1.7
2026-09-26 01:00:00,Peshawar,22.1,77,0.0,0.7
2026-09-26 02:00:00,Peshawar,22.7,73,0.0,0.9
2026-09-26 03:00:00,Peshawar,24.2,71,0.0,1.3
2026-09-26 04:00:00,Peshawar,26.5,62,0.0,0.7
2026-09-26 05:00:00,Peshawar,28.5,54,0.0,0.6
2026-09-26 06:00:00,Peshawar,30.1,49,0.0,1.1
2026-09-26 07:00:00,Peshawar,31.7,43,0.0,1.2
2026-09-26 08:00:00,Peshawar,32.9,33,0.0,2.1
2026-09-26 09:00:00,Peshawar,33.4,30,0.0,1.5
2026-09-26 10:00:00,Peshawar,32.9,34,0.0,5.5
2026-09-26 11:00:00,Peshawar,32.1,41,0.0,4.0
2026-09-26 12:00:00,Peshawar,31.7,48,0.0,1.7
2026-09-26 13:00:00,Peshawar,28.9,62,0.0,0.6
2026-09-26 14:00:00,Peshawar,26.4,69,0.0,5.6
2026-09-26 15:00:00,Peshawar,25.4,74,0.0,3.5
2026-09-26 16:00:00,Peshawar,25.2,72,0.0,0.5
2026-09-26 17:00:00,Peshawar,24.7,71,0.0,1.7
2026-09-26 18:00:00,Peshawar,24.8,71,0.0,1.3
2026-09-26 19:00:00,Peshawar,24.5,70,0.0,0.4
2026-09-26 20:00:00,Peshawar,24.0,71,0.0,0.3
2026-09-26 21:00:00,Peshawar,23.3,73,0.0,0.4
2026-09-26 22:00:00,Peshawar,22.3,78,0.0,1.3
2026-09-26 23:00:00,Peshawar,21.6,80,0.0,0.6
2026-09-27 00:00:00,Peshawar,22.1,74,0.0,2.6
2026-09-27 01:00:00,Peshawar,21.4,74,0.0,1.0
2026-09-27 02:00:00,Peshawar,21.7,73,0.0,2.3
2026-09-27 03:00:00,Peshawar,23.3,74,0.0,1.3
2026-09-27 04:00:00,Peshawar,25.9,63,0.0,2.0
2026-09-27 05:00:00,Peshawar,27.8,56,0.0,2.9
2026-09-27 06:00:00,Peshawar,29.5,49,0.0,3.2
2026-09-27 07:00:00,Peshawar,30.9,42,0.0,3.0
2026-09-27 08:00:00,Peshawar,31.9,38,0.0,1.7
2026-09-27 09:00:00,Peshawar,32.1,37,0.0,4.2
2026-09-27 10:00:00,Peshawar,31.7,38,0.0,6.2
2026-09-27 11:00:00,Peshawar,30.8,43,0.0,5.4
2026-09-27 12:00:00,Peshawar,30.5,55,0.0,3.5
2026-09-27 13:00:00,Peshawar,27.9,62,0.0,3.6
2026-09-27 14:00:00,Peshawar,26.1,72,0.0,3.8
2026-09-27 15:00:00,Peshawar,26.0,73,0.0,1.6
2026-09-27 16:00:00,Peshawar,25.5,74,0.0,2.0
2026-09-27 17:00:00,Peshawar,24.6,76,0.0,3.6
2026-09-27 18:00:00,Peshawar,24.6,77,0.0,3.5
2026-09-27 19:00:00,Peshawar,24.0,77,0.0,1.5
2026-09-27 20:00:00,Peshawar,23.3,78,0.0,3.2
2026-09-27 21:00:00,Peshawar,19.3,90,1.5,6.1
2026-09-27 22:00:00,Peshawar,19.1,97,0.8,6.3
2026-09-27 23:00:00,Peshawar,19.4,97,0.2,11.1
2026-09-28 00:00:00,Peshawar,20.2,92,0.1,2.2
2026-09-28 01:00:00,Peshawar,19.6,97,0.0,5.4
2026-09-28 02:00:00,Peshawar,19.7,96,0.0,1.5
2026-09-28 03:00:00,Peshawar,20.8,88,0.0,1.8
2026-09-28 04:00:00,Peshawar,22.9,77,0.0,0.9
2026-09-28 05:00:00,Peshawar,24.6,69,0.0,2.2
2026-09-28 06:00:00,Peshawar,25.3,63,0.0,4.7
2026-09-28 07:00:00,Peshawar,26.6,60,0.0,2.0
2026-09-28 08:00:00,Peshawar,27.3,57,0.0,1.5
2026-09-28 09:00:00,Peshawar,27.9,55,0.0,1.5
2026-09-28 10:00:00,Peshawar,28.4,55,0.0,1.2
2026-09-28 11:00:00,Peshawar,28.2,55,0.0,1.5
2026-09-28 12:00:00,Peshawar,28.7,46,0.0,2.3
2026-09-28 13:00:00,Peshawar,26.0,61,0.0,0.7
2026-09-28 14:00:00,Peshawar,24.3,65,0.0,2.3
2026-09-28 15:00:00,Peshawar,22.8,67,0.0,4.7
2026-09-28 16:00:00,Peshawar,22.0,65,0.0,5.5
2026-09-28 17:00:00,Peshawar,21.6,66,0.0,2.5
2026-09-28 18:00:00,Peshawar,21.8,69,0.0,1.3
2026-09-28 19:00:00,Peshawar,21.1,72,0.0,1.9
2026-09-28 20:00:00,Peshawar,20.4,76,0.0,0.9
2026-09-28 21:00:00,Peshawar,20.0,75,0.0,0.7
2026-09-28 22:00:00,Peshawar,19.7,74,0.0,0.6
2026-09-28 23:00:00,Peshawar,19.6,74,0.0,1.5
2026-09-29 00:00:00,Peshawar,19.8,74,0.0,1.8
2026-09-29 01:00:00,Peshawar,19.5,73,0.0,1.0
2026-09-29 02:00:00,Peshawar,20.3,73,0.0,2.6
2026-09-29 03:00:00,Peshawar,22.4,68,0.0,1.4
2026-09-29 04:00:00,Peshawar,24.8,61,0.0,1.5
2026-09-29 05:00:00,Peshawar,26.9,52,0.0,1.5
2026-09-29 06:00:00,Peshawar,28.6,46,0.0,1.7
2026-09-29 07:00:00,Peshawar,30.1,42,0.0,1.6
2026-09-29 08:00:00,Peshawar,30.9,39,0.0,2.9
2026-09-29 09:00:00,Peshawar,31.3,36,0.0,3.7
2026-09-29 10:00:00,Peshawar,31.4,36,0.0,4.3
2026-09-29 11:00:00,Peshawar,31.0,40,0.0,3.0
2026-09-29 12:00:00,Peshawar,30.2,51,0.0,2.1
2026-09-29 13:00:00,Peshawar,27.0,57,0.0,1.0
2026-09-29 14:00:00,Peshawar,25.4,62,0.0,0.5
2026-09-29 15:00:00,Peshawar,24.4,66,0.0,1.4
2026-09-29 16:00:00,Peshawar,23.6,68,0.0,2.4
2026-09-29 17:00:00,Peshawar,23.4,65,0.0,1.9
2026-09-29 18:00:00,Peshawar,23.3,65,0.0,1.9
2026-09-29 19:00:00,Peshawar,22.7,67,0.0,0.4
2026-09-29 20:00:00,Peshawar,21.3,75,0.0,3.9
2026-09-29 21:00:00,Peshawar,20.9,74,0.0,2.6
2026-09-29 22:00:00,Peshawar,20.7,74,0.0,0.7
2026-09-29 23:00:00,Peshawar,20.2,73,0.0,0.5
2026-09-30 00:00:00,Peshawar,19.6,74,0.0,2.3
2026-09-30 01:00:00,Peshawar,19.2,74,0.0,0.9
2026-09-30 02:00:00,Peshawar,19.9,72,0.0,1.7
2026-09-30 03:00:00,Peshawar,21.7,74,0.0,1.9
2026-09-30 04:00:00,Peshawar,24.5,63,0.0,2.2
2026-09-30 05:00:00,Peshawar,26.9,53,0.0,2.3
2026-09-30 06:00:00,Peshawar,28.9,47,0.0,2.5
2026-09-30 07:00:00,Peshawar,30.3,44,0.0,3.6
2026-09-30 08:00:00,Peshawar,31.4,43,0.0,3.7
2026-09-30 09:00:00,Peshawar,32.0,42,0.0,3.2
2026-09-30 10:00:00,Peshawar,31.9,43,0.0,4.0
2026-09-30 11:00:00,Peshawar,31.0,50,0.0,5.1
2026-09-30 12:00:00,Peshawar,29.5,64,0.0,3.4
2026-09-30 13:00:00,Peshawar,27.1,67,0.0,2.3
2026-09-30 14:00:00,Peshawar,26.0,71,0.0,2.3
2026-09-30 15:00:00,Peshawar,25.0,74,0.0,3.3
2026-09-30 16:00:00,Peshawar,24.4,74,0.0,2.1
2026-09-30 17:00:00,Peshawar,23.8,74,0.0,1.6
2026-09-30 18:00:00,Peshawar,23.4,78,0.0,1.5
2026-09-30 19:00:00,Peshawar,23.2,75,0.0,0.6
2026-09-30 20:00:00,Peshawar,22.8,75,0.0,1.9
2026-09-30 21:00:00,Peshawar,22.5,74,0.0,0.9
2026-09-30 22:00:00,Peshawar,22.0,73,0.0,1.1
2026-09-30 23:00:00,Peshawar,21.6,74,0.0,0.4
2026-10-01 00:00:00,Peshawar,21.3,73,0.0,2.6
2026-10-01 01:00:00,Peshawar,20.8,75,0.0,2.0
2026-10-01 02:00:00,Peshawar,21.0,74,0.0,2.9
2026-10-01 03:00:00,Peshawar,22.4,75,0.0,2.2
2026-10-01 04:00:00,Peshawar,24.8,65,0.0,2.0
2026-10-01 05:00:00,Peshawar,27.3,56,0.0,1.8
2026-10-01 06:00:00,Peshawar,29.1,53,0.0,2.1
2026-10-01 07:00:00,Peshawar,30.7,48,0.0,3.3
2026-10-01 08:00:00,Peshawar,31.1,47,0.0,4.7
2026-10-01 09:00:00,Peshawar,31.5,47,0.0,2.6
2026-10-01 10:00:00,Peshawar,31.2,49,0.0,3.8
2026-10-01 11:00:00,Peshawar,30.6,53,0.0,5.0
2026-10-01 12:00:00,Peshawar,29.7,63,0.0,5.1
2026-10-01 13:00:00,Peshawar,27.2,70,0.0,5.2
2026-10-01 14:00:00,Peshawar,26.1,70,0.0,4.9
2026-10-01 15:00:00,Peshawar,25.7,70,0.0,2.7
2026-10-01 16:00:00,Peshawar,25.5,70,0.0,0.7
2026-10-01 17:00:00,Peshawar,25.2,73,0.0,0.7
2026-10-01 18:00:00,Peshawar,25.0,76,0.0,0.4
2026-10-01 19:00:00,Peshawar,24.5,77,0.0,0.4
2026-10-01 20:00:00,Peshawar,23.8,80,0.0,0.4
2026-10-01 21:00:00,Peshawar,23.2,81,0.0,1.1
2026-10-01 22:00:00,Peshawar,22.9,79,0.0,1.1
2026-10-01 23:00:00,Peshawar,22.6,78,0.0,0.7
2026-10-02 00:00:00,Peshawar,20.8,91,0.0,2.8
2026-10-02 01:00:00,Peshawar,20.7,87,0.0,1.3
2026-10-02 02:00:00,Peshawar,21.3,84,0.0,2.1
2026-10-02 03:00:00,Peshawar,23.5,81,0.0,1.5
2026-10-02 04:00:00,Peshawar,26.3,63,0.0,0.4
2026-10-02 05:00:00,Peshawar,28.4,53,0.0,1.3
2026-10-02 06:00:00,Peshawar,30.3,48,0.0,2.4
2026-10-02 07:00:00,Peshawar,31.5,45,0.0,2.5
2026-10-02 08:00:00,Peshawar,32.5,41,0.0,2.7
2026-10-02 09:00:00,Peshawar,33.0,39,0.0,4.5
2026-10-02 10:00:00,Peshawar,32.9,41,0.0,5.1
2026-10-02 11:00:00,Peshawar,32.1,46,0.0,4.0
2026-10-02 12:00:00,Peshawar,31.3,50,0.0,3.1
2026-10-02 13:00:00,Peshawar,28.3,64,0.0,1.1
2026-10-02 14:00:00,Peshawar,26.7,70,0.0,2.9
2026-10-02 15:00:00,Peshawar,25.9,73,0.0,3.0
2026-10-02 16:00:00,Peshawar,25.5,71,0.0,1.3
2026-10-02 17:00:00,Peshawar,25.3,71,0.0,0.8
2026-10-02 18:00:00,Peshawar,24.9,73,0.0,1.5
2026-10-02 19:00:00,Peshawar,24.7,71,0.0,0.9
2026-10-02 20:00:00,Peshawar,24.3,72,0.0,1.0
2026-10-02 21:00:00,Peshawar,23.6,73,0.0,1.5
2026-10-02 22:00:00,Peshawar,23.2,73,0.0,0.9
2026-10-02 23:00:00,Peshawar,22.9,74,0.0,0.2
2026-09-19 00:00:00,Quetta,16.3,81,0.0,3.8
2026-09-19 01:00:00,Quetta,16.2,77,0.0,3.2
2026-09-19 02:00:00,Quetta,17.4,68,0.0,2.7
2026-09-19 03:00:00,Quetta,21.2,48,0.0,4.0
2026-09-19 04:00:00,Quetta,24.7,27,0.0,2.5
2026-09-19 05:00:00,Quetta,27.1,18,0.0,0.3
2026-09-19 06:00:00,Quetta,28.2,13,0.0,2.7
2026-09-19 07:00:00,Quetta,29.6,11,0.0,4.7
2026-09-19 08:00:00,Quetta,30.4,10,0.0,5.0
2026-09-19 09:00:00,Quetta,30.9,10,0.0,5.9
2026-09-19 10:00:00,Quetta,31.1,9,0.0,7.8
2026-09-19 11:00:00,Quetta,31.0,9,0.0,8.1
2026-09-19 12:00:00,Quetta,30.3,11,0.0,7.1
2026-09-19 13:00:00,Quetta,27.8,24,0.0,8.8
2026-09-19 14:00:00,Quetta,25.4,38,0.0,10.0
2026-09-19 15:00:00,Quetta,24.2,42,0.0,8.7
2026-09-19 16:00:00,Quetta,23.2,45,0.0,6.8
2026-09-19 17:00:00,Quetta,22.2,46,0.0,4.8
2026-09-19 18:00:00,Quetta,21.6,47,0.0,4.3
2026-09-19 19:00:00,Quetta,20.5,50,0.0,4.4
2026-09-19 20:00:00,Quetta,19.4,54,0.0,3.9
2026-09-19 21:00:00,Quetta,18.5,58,0.0,5.6
2026-09-19 22:00:00,Quetta,17.8,62,0.0,6.1
2026-09-19 23:00:00,Quetta,17.2,65,0.0,6.4
2026-09-20 00:00:00,Quetta,16.5,72,0.0,3.9
2026-09-20 01:00:00,Quetta,16.4,72,0.0,3.9
2026-09-20 02:00:00,Quetta,17.3,69,0.0,4.4
2026-09-20 03:00:00,Quetta,20.7,55,0.0,4.7
2026-09-20 04:00:00,Quetta,24.1,42,0.0,2.7
2026-09-20 05:00:00,Quetta,26.7,28,0.0,0.8
2026-09-20 06:00:00,Quetta,28.0,22,0.0,4.3
2026-09-20 07:00:00,Quetta,29.6,18,0.0,6.0
2026-09-20 08:00:00,Quetta,30.6,16,0.0,7.7
2026-09-20 09:00:00,Quetta,31.3,14,0.0,10.4
2026-09-20 10:00:00,Quetta,31.3,13,0.0,15.0
2026-09-20 11:00:00,Quetta,30.9,12,0.0,15.1
2026-09-20 12:00:00,Quetta,30.5,11,0.0,8.4
2026-09-20 13:00:00,Quetta,28.9,15,0.0,0.9
2026-09-20 14:00:00,Quetta,26.5,24,0.0,7.0
2026-09-20 15:00:00,Quetta,24.9,35,0.0,5.9
2026-09-20 16:00:00,Quetta,23.5,41,0.0,5.3
2026-09-20 17:00:00,Quetta,22.3,44,0.0,4.4
2026-09-20 18:00:00,Quetta,21.8,46,0.0,3.9
2026-09-20 19:00:00,Quetta,20.9,48,0.0,4.5
2026-09-20 20:00:00,Quetta,20.0,50,0.0,4.1
2026-09-20 21:00:00,Quetta,19.1,53,0.0,4.6
2026-09-20 22:00:00,Quetta,18.3,56,0.0,5.0
2026-09-20 23:00:00,Quetta,17.7,60,0.0,5.6
2026-09-21 00:00:00,Quetta,17.2,65,0.0,3.6
2026-09-21 01:00:00,Quetta,17.3,65,0.0,4.8
2026-09-21 02:00:00,Quetta,17.8,63,0.0,5.6
2026-09-21 03:00:00,Quetta,21.2,50,0.0,5.2
2026-09-21 04:00:00,Quetta,24.7,37,0.0,2.5
2026-09-21 05:00:00,Quetta,27.2,24,0.0,2.0
2026-09-21 06:00:00,Quetta,28.7,17,0.0,6.1
2026-09-21 07:00:00,Quetta,29.9,13,0.0,9.4
2026-09-21 08:00:00,Quetta,30.6,11,0.0,10.8
2026-09-21 09:00:00,Quetta,30.9,11,0.0,11.0
2026-09-21 10:00:00,Quetta,30.9,10,0.0,10.7
2026-09-21 11:00:00,Quetta,30.6,10,0.0,9.5
2026-09-21 12:00:00,Quetta,30.3,10,0.0,8.2
2026-09-21 13:00:00,Quetta,29.0,10,0.0,7.4
2026-09-21 14:00:00,Quetta,26.5,11,0.0,5.4
2026-09-21 15:00:00,Quetta,25.2,12,0.0,3.9
2026-09-21 16:00:00,Quetta,24.4,13,0.0,1.7
2026-09-21 17:00:00,Quetta,23.3,14,0.0,1.1
2026-09-21 18:00:00,Quetta,22.9,14,0.0,1.3
2026-09-21 19:00:00,Quetta,21.8,15,0.0,1.3
2026-09-21 20:00:00,Quetta,20.8,16,0.0,1.7
2026-09-21 21:00:00,Quetta,20.0,16,0.0,1.6
2026-09-21 22:00:00,Quetta,19.5,17,0.0,1.6
2026-09-21 23:00:00,Quetta,19.1,17,0.0,1.5
2026-09-22 00:00:00,Quetta,19.1,15,0.0,1.5
2026-09-22 01:00:00,Quetta,18.8,16,0.0,1.7
2026-09-22 02:00:00,Quetta,19.2,15,0.0,2.0
2026-09-22 03:00:00,Quetta,22.4,12,0.0,4.3
2026-09-22 04:00:00,Quetta,25.5,9,0.0,2.4
2026-09-22 05:00:00,Quetta,28.1,8,0.0,4.6
2026-09-22 06:00:00,Quetta,29.4,7,0.0,8.7
2026-09-22 07:00:00,Quetta,30.4,7,0.0,9.7
2026-09-22 08:00:00,Quetta,31.1,6,0.0,9.5
2026-09-22 09:00:00,Quetta,31.6,6,0.0,9.7
2026-09-22 10:00:00,Quetta,31.7,6,0.0,11.1
2026-09-22 11:00:00,Quetta,31.1,6,0.0,15.1
2026-09-22 12:00:00,Quetta,30.3,6,0.0,15.9
2026-09-22 13:00:00,Quetta,28.9,6,0.0,12.1
2026-09-22 14:00:00,Quetta,26.5,8,0.0,5.8
2026-09-22 15:00:00,Quetta,25.4,9,0.0,2.0
2026-09-22 16:00:00,Quetta,24.4,10,0.0,1.1
2026-09-22 17:00:00,Quetta,23.3,11,0.0,0.9
2026-09-22 18:00:00,Quetta,23.4,11,0.0,2.2
2026-09-22 19:00:00,Quetta,22.5,12,0.0,0.9
2026-09-22 20:00:00,Quetta,21.2,13,0.0,0.2
2026-09-22 21:00:00,Quetta,20.1,14,0.0,0.8
2026-09-22 22:00:00,Quetta,19.4,14,0.0,1.2
2026-09-22 23:00:00,Quetta,18.7,15,0.0,1.4
2026-09-23 00:00:00,Quetta,18.5,15,0.0,1.4
2026-09-23 01:00:00,Quetta,17.7,16,0.0,1.8
2026-09-23 02:00:00,Quetta,18.1,16,0.0,2.4
2026-09-23 03:00:00,Quetta,21.7,12,0.0,4.1
2026-09-23 04:00:00,Quetta,25.0,10,0.0,1.5
2026-09-23 05:00:00,Quetta,27.6,9,0.0,3.2
2026-09-23 06:00:00,Quetta,29.2,8,0.0,7.0
2026-09-23 07:00:00,Quetta,30.6,8,0.0,8.3
2026-09-23 08:00:00,Quetta,31.6,7,0.0,9.4
2026-09-23 09:00:00,Quetta,32.0,7,0.0,10.7
2026-09-23 10:00:00,Quetta,32.0,7,0.0,11.9
2026-09-23 11:00:00,Quetta,31.4,7,0.0,14.1
2026-09-23 12:00:00,Quetta,30.6,7,0.0,14.5
2026-09-23 13:00:00,Quetta,29.1,8,0.0,11.3
2026-09-23 14:00:00,Quetta,26.6,10,0.0,5.1
2026-09-23 15:00:00,Quetta,25.8,11,0.0,2.0
2026-09-23 16:00:00,Quetta,25.1,12,0.0,0.3
2026-09-23 17:00:00,Quetta,23.7,13,0.0,0.2
2026-09-23 18:00:00,Quetta,23.6,13,0.0,1.7
2026-09-23 19:00:00,Quetta,22.5,14,0.0,1.1
2026-09-23 20:00:00,Quetta,21.5,15,0.0,0.4
2026-09-23 21:00:00,Quetta,20.0,16,0.0,1.5
2026-09-23 22:00:00,Quetta,19.3,16,0.0,2.2
2026-09-23 23:00:00,Quetta,19.0,17,0.0,2.2
2026-09-24 00:00:00,Quetta,19.4,16,0.0,2.4
2026-09-24 01:00:00,Quetta,18.9,17,0.0,2.3
2026-09-24 02:00:00,Quetta,19.2,17,0.0,2.8
2026-09-24 03:00:00,Quetta,23.0,14,0.0,4.2
2026-09-24 04:00:00,Quetta,26.6,10,0.0,1.3
2026-09-24 05:00:00,Quetta,28.8,9,0.0,1.6
2026-09-24 06:00:00,Quetta,30.3,8,0.0,2.1
2026-09-24 07:00:00,Quetta,31.9,7,0.0,3.5
2026-09-24 08:00:00,Quetta,32.6,7,0.0,7.0
2026-09-24 09:00:00,Quetta,32.8,6,0.0,9.4
2026-09-24 10:00:00,Quetta,32.7,6,0.0,10.9
2026-09-24 11:00:00,Quetta,32.0,6,0.0,13.0
2026-09-24 12:00:00,Quetta,31.1,7,0.0,14.8
2026-09-24 13:00:00,Quetta,29.3,8,0.0,10.9
2026-09-24 14:00:00,Quetta,26.7,10,0.0,3.2
2026-09-24 15:00:00,Quetta,25.9,11,0.0,0.4
2026-09-24 16:00:00,Quetta,24.5,11,0.0,2.7
2026-09-24 17:00:00,Quetta,23.3,12,0.0,3.5
2026-09-24 18:00:00,Quetta,23.3,13,0.0,2.3
2026-09-24 19:00:00,Quetta,22.5,14,0.0,2.4
2026-09-24 20:00:00,Quetta,21.2,15,0.0,2.5
2026-09-24 21:00:00,Quetta,19.7,16,0.0,2.7
2026-09-24 22:00:00,Quetta,18.7,18,0.0,3.1
2026-09-24 23:00:00,Quetta,18.3,18,0.0,2.7
2026-09-25 00:00:00,Quetta,18.5,20,0.0,2.6
2026-09-25 01:00:00,Quetta,17.6,21,0.0,2.5
2026-09-25 02:00:00,Quetta,17.8,21,0.0,2.9
2026-09-25 03:00:00,Quetta,21.3,18,0.0,4.7
2026-09-25 04:00:00,Quetta,25.3,12,0.0,2.6
2026-09-25 05:00:00,Quetta,27.5,11,0.0,1.2
2026-09-25 06:00:00,Quetta,28.9,10,0.0,6.6
2026-09-25 07:00:00,Quetta,30.1,9,0.0,8.7
2026-09-25 08:00:00,Quetta,30.9,8,0.0,10.1
2026-09-25 09:00:00,Quetta,31.1,7,0.0,12.2
2026-09-25 10:00:00,Quetta,30.8,7,0.0,14.0
2026-09-25 11:00:00,Quetta,29.8,8,0.0,15.8
2026-09-25 12:00:00,Quetta,28.8,9,0.0,15.0
2026-09-25 13:00:00,Quetta,27.4,10,0.0,10.5
2026-09-25 14:00:00,Quetta,25.1,12,0.0,4.7
2026-09-25 15:00:00,Quetta,24.4,13,0.0,1.7
2026-09-25 16:00:00,Quetta,23.6,14,0.0,1.3
2026-09-25 17:00:00,Quetta,22.3,15,0.0,1.9
2026-09-25 18:00:00,Quetta,22.0,17,0.0,2.0
2026-09-25 19:00:00,Quetta,20.7,18,0.0,2.6
2026-09-25 20:00:00,Quetta,19.5,20,0.0,3.0
2026-09-25 21:00:00,Quetta,18.3,22,0.0,2.9
2026-09-25 22:00:00,Quetta,17.3,24,0.0,3.0
2026-09-25 23:00:00,Quetta,16.7,25,0.0,3.6
2026-09-26 00:00:00,Quetta,17.0,24,0.0,2.9
2026-09-26 01:00:00,Quetta,16.2,25,0.0,3.1
2026-09-26 02:00:00,Quetta,16.8,25,0.0,3.9
2026-09-26 03:00:00,Quetta,20.0,21,0.0,5.9
2026-09-26 04:00:00,Quetta,23.0,17,0.0,2.0
2026-09-26 05:00:00,Quetta,24.9,14,0.0,0.7
2026-09-26 06:00:00,Quetta,26.4,12,0.0,3.0
2026-09-26 07:00:00,Quetta,28.1,10,0.0,6.9
2026-09-26 08:00:00,Quetta,29.0,9,0.0,9.7
2026-09-26 09:00:00,Quetta,29.5,9,0.0,12.0
2026-09-26 10:00:00,Quetta,29.3,10,0.0,13.1
2026-09-26 11:00:00,Quetta,28.4,11,0.0,14.5
2026-09-26 12:00:00,Quetta,27.3,12,0.0,13.3
2026-09-26 13:00:00,Quetta,25.5,13,0.0,11.6
2026-09-26 14:00:00,Quetta,23.7,14,0.0,5.9
2026-09-26 15:00:00,Quetta,22.3,16,0.0,3.1
2026-09-26 16:00:00,Quetta,21.5,18,0.0,1.6
2026-09-26 17:00:00,Quetta,20.6,18,0.0,1.8
2026-09-26 18:00:00,Quetta,20.2,20,0.0,1.8
2026-09-26 19:00:00,Quetta,19.2,21,0.0,0.9
2026-09-26 20:00:00,Quetta,18.2,23,0.0,0.6
2026-09-26 21:00:00,Quetta,17.2,24,0.0,0.9
2026-09-26 22:00:00,Quetta,16.4,25,0.0,1.4
2026-09-26 23:00:00,Quetta,15.8,26,0.0,1.7
2026-09-27 00:00:00,Quetta,15.7,26,0.0,1.5
2026-09-27 01:00:00,Quetta,15.0,27,0.0,2.1
2026-09-27 02:00:00,Quetta,15.4,27,0.0,2.3
2026-09-27 03:00:00,Quetta,18.6,22,0.0,3.3
2026-09-27 04:00:00,Quetta,21.8,17,0.0,2.0
2026-09-27 05:00:00,Quetta,23.8,15,0.0,4.6
2026-09-27 06:00:00,Quetta,25.5,12,0.0,7.2
2026-09-27 07:00:00,Quetta,26.9,10,0.0,8.6
2026-09-27 08:00:00,Quetta,27.8,9,0.0,9.7
2026-09-27 09:00:00,Quetta,28.3,8,0.0,11.2
2026-09-27 10:00:00,Quetta,28.1,7,0.0,12.6
2026-09-27 11:00:00,Quetta,27.5,8,0.0,12.2
2026-09-27 12:00:00,Quetta,26.5,9,0.0,10.8
2026-09-27 13:00:00,Quetta,24.6,10,0.0,10.3
2026-09-27 14:00:00,Quetta,22.3,12,0.0,4.2
2026-09-27 15:00:00,Quetta,21.4,15,0.0,1.1
2026-09-27 16:00:00,Quetta,20.2,16,0.0,1.4
2026-09-27 17:00:00,Quetta,18.9,18,0.0,2.9
2026-09-27 18:00:00,Quetta,18.8,19,0.0,1.7
2026-09-27 19:00:00,Quetta,17.8,20,0.0,1.3
2026-09-27 20:00:00,Quetta,16.8,21,0.0,0.9
2026-09-27 21:00:00,Quetta,15.9,23,0.0,1.0
2026-09-27 22:00:00,Quetta,15.2,24,0.0,1.3
2026-09-27 23:00:00,Quetta,14.8,24,0.0,1.5
2026-09-28 00:00:00,Quetta,14.5,24,0.0,1.5
2026-09-28 01:00:00,Quetta,13.9,25,0.0,2.1
2026-09-28 02:00:00,Quetta,14.5,25,0.0,1.8
2026-09-28 03:00:00,Quetta,17.7,19,0.0,3.1
2026-09-28 04:00:00,Quetta,20.5,15,0.0,2.3
2026-09-28 05:00:00,Quetta,22.8,12,0.0,2.8
2026-09-28 06:00:00,Quetta,24.2,10,0.0,3.6
2026-09-28 07:00:00,Quetta,25.9,9,0.0,6.5
2026-09-28 08:00:00,Quetta,27.0,8,0.0,8.4
2026-09-28 09:00:00,Quetta,27.7,8,0.0,8.3
2026-09-28 10:00:00,Quetta,27.8,8,0.0,8.6
2026-09-28 11:00:00,Quetta,27.3,9,0.0,10.1
2026-09-28 12:00:00,Quetta,26.3,10,0.0,12.3
2026-09-28 13:00:00,Quetta,24.3,12,0.0,12.2
2026-09-28 14:00:00,Quetta,22.0,15,0.0,3.6
2026-09-28 15:00:00,Quetta,21.2,17,0.0,0.7
2026-09-28 16:00:00,Quetta,19.9,18,0.0,2.4
2026-09-28 17:00:00,Quetta,18.8,23,0.0,4.5
2026-09-28 18:00:00,Quetta,17.9,31,0.0,4.8
2026-09-28 19:00:00,Quetta,17.1,39,0.0,5.7
2026-09-28 20:00:00,Quetta,16.5,48,0.0,5.4
2026-09-28 21:00:00,Quetta,16.0,58,0.0,5.9
2026-09-28 22:00:00,Quetta,15.3,69,0.0,5.5
2026-09-28 23:00:00,Quetta,14.7,78,0.0,5.5
2026-09-29 00:00:00,Quetta,14.2,83,0.0,4.3
2026-09-29 01:00:00,Quetta,13.6,85,0.0,5.0
2026-09-29 02:00:00,Quetta,13.9,84,0.0,5.9
2026-09-29 03:00:00,Quetta,17.8,66,0.0,6.2
2026-09-29 04:00:00,Quetta,20.8,55,0.0,6.1
2026-09-29 05:00:00,Quetta,23.3,37,0.0,7.3
2026-09-29 06:00:00,Quetta,24.6,26,0.0,3.4
2026-09-29 07:00:00,Quetta,26.2,22,0.0,1.1
2026-09-29 08:00:00,Quetta,27.0,20,0.0,1.0
2026-09-29 09:00:00,Quetta,27.5,18,0.0,2.6
2026-09-29 10:00:00,Quetta,27.6,17,0.0,3.8
2026-09-29 11:00:00,Quetta,27.4,16,0.0,7.0
2026-09-29 12:00:00,Quetta,26.8,14,0.0,11.2
2026-09-29 13:00:00,Quetta,25.4,13,0.0,12.6
2026-09-29 14:00:00,Quetta,23.5,14,0.0,4.7
2026-09-29 15:00:00,Quetta,22.0,17,0.0,2.4
2026-09-29 16:00:00,Quetta,20.5,29,0.0,4.4
2026-09-29 17:00:00,Quetta,19.0,47,0.0,4.3
2026-09-29 18:00:00,Quetta,17.8,59,0.0,3.6
2026-09-29 19:00:00,Quetta,16.5,68,0.0,5.2
2026-09-29 20:00:00,Quetta,15.5,73,0.0,5.5
2026-09-29 21:00:00,Quetta,14.9,76,0.0,5.2
2026-09-29 22:00:00,Quetta,14.5,78,0.0,4.5
2026-09-29 23:00:00,Quetta,14.4,78,0.0,3.8
2026-09-30 00:00:00,Quetta,14.3,78,0.0,2.5
2026-09-30 01:00:00,Quetta,14.4,75,0.0,2.6
2026-09-30 02:00:00,Quetta,15.2,69,0.0,2.9
2026-09-30 03:00:00,Quetta,18.6,51,0.0,4.1
2026-09-30 04:00:00,Quetta,22.0,25,0.0,3.2
2026-09-30 05:00:00,Quetta,24.4,17,0.0,2.7
2026-09-30 06:00:00,Quetta,25.7,16,0.0,3.1
2026-09-30 07:00:00,Quetta,27.2,14,0.0,4.7
2026-09-30 08:00:00,Quetta,28.2,13,0.0,6.8
2026-09-30 09:00:00,Quetta,28.7,13,0.0,9.9
2026-09-30 10:00:00,Quetta,28.6,13,0.0,12.6
2026-09-30 11:00:00,Quetta,28.2,12,0.0,12.6
2026-09-30 12:00:00,Quetta,27.4,12,0.0,9.3
2026-09-30 13:00:00,Quetta,26.0,12,0.0,4.2
2026-09-30 14:00:00,Quetta,23.7,15,0.0,1.9
2026-09-30 15:00:00,Quetta,22.3,23,0.0,5.0
2026-09-30 16:00:00,Quetta,20.6,40,0.0,5.7
2026-09-30 17:00:00,Quetta,19.4,51,0.0,6.0
2026-09-30 18:00:00,Quetta,18.8,55,0.0,4.6
2026-09-30 19:00:00,Quetta,17.7,59,0.0,4.7
2026-09-30 20:00:00,Quetta,16.8,63,0.0,4.2
2026-09-30 21:00:00,Quetta,16.1,66,0.0,4.2
2026-09-30 22:00:00,Quetta,15.7,67,0.0,4.6
2026-09-30 23:00:00,Quetta,15.5,66,0.0,4.3
2026-10-01 00:00:00,Quetta,15.6,65,0.0,2.8
2026-10-01 01:00:00,Quetta,15.8,60,0.0,1.9
2026-10-01 02:00:00,Quetta,16.7,56,0.0,1.8
2026-10-01 03:00:00,Quetta,20.2,43,0.0,2.7
2026-10-01 04:00:00,Quetta,23.1,32,0.0,3.0
2026-10-01 05:00:00,Quetta,25.4,24,0.0,3.9
2026-10-01 06:00:00,Quetta,26.9,20,0.0,6.0
2026-10-01 07:00:00,Quetta,28.2,17,0.0,9.1
2026-10-01 08:00:00,Quetta,29.0,15,0.0,10.2
2026-10-01 09:00:00,Quetta,29.8,13,0.0,10.4
2026-10-01 10:00:00,Quetta,29.9,13,0.0,11.5
2026-10-01 11:00:00,Quetta,29.7,13,0.0,13.0
2026-10-01 12:00:00,Quetta,29.2,13,0.0,10.7
2026-10-01 13:00:00,Quetta,27.8,14,0.0,5.8
2026-10-01 14:00:00,Quetta,25.4,17,0.0,1.9
2026-10-01 15:00:00,Quetta,23.8,26,0.0,6.3
2026-10-01 16:00:00,Quetta,21.8,39,0.0,6.8
2026-10-01 17:00:00,Quetta,20.3,48,0.0,6.4
2026-10-01 18:00:00,Quetta,19.6,53,0.0,6.0
2026-10-01 19:00:00,Quetta,18.8,56,0.0,5.9
2026-10-01 20:00:00,Quetta,18.5,57,0.0,4.6
2026-10-01 21:00:00,Quetta,18.3,56,0.0,3.6
2026-10-01 22:00:00,Quetta,18.1,55,0.0,2.7
2026-10-01 23:00:00,Quetta,18.0,53,0.0,2.8
2026-10-02 00:00:00,Quetta,18.0,53,0.0,3.1
2026-10-02 01:00:00,Quetta,17.9,51,0.0,2.9
2026-10-02 02:00:00,Quetta,18.4,48,0.0,3.2
2026-10-02 03:00:00,Quetta,21.7,38,0.0,5.0
2026-10-02 04:00:00,Quetta,24.9,29,0.0,3.6
2026-10-02 05:00:00,Quetta,27.1,26,0.0,2.6
2026-10-02 06:00:00,Quetta,28.5,21,0.0,4.2
2026-10-02 07:00:00,Quetta,30.0,17,0.0,7.5
2026-10-02 08:00:00,Quetta,30.7,15,0.0,9.7
2026-10-02 09:00:00,Quetta,31.1,14,0.0,11.4
2026-10-02 10:00:00,Quetta,30.9,14,0.0,13.4
2026-10-02 11:00:00,Quetta,30.3,14,0.0,14.3
2026-10-02 12:00:00,Quetta,29.4,14,0.0,11.7
2026-10-02 13:00:00,Quetta,27.7,16,0.0,6.1
2026-10-02 14:00:00,Quetta,25.7,21,0.0,2.0
2026-10-02 15:00:00,Quetta,24.8,21,0.0,1.1
2026-10-02 16:00:00,Quetta,23.5,23,0.0,2.4
2026-10-02 17:00:00,Quetta,22.2,25,0.0,3.1
2026-10-02 18:00:00,Quetta,21.7,27,0.0,4.1
2026-10-02 19:00:00,Quetta,21.2,27,0.0,3.8
2026-10-02 20:00:00,Quetta,20.6,27,0.0,3.8
2026-10-02 21:00:00,Quetta,19.9,28,0.0,2.5
2026-10-02 22:00:00,Quetta,19.4,28,0.0,0.6
2026-10-02 23:00:00,Quetta,18.5,30,0.0,0.6
2026-09-19 00:00:00,Gilgit,15.2,61,0.0,0.7
2026-09-19 01:00:00,Gilgit,15.1,59,0.0,1.0
2026-09-19 02:00:00,Gilgit,18.2,55,0.0,1.2
2026-09-19 03:00:00,Gilgit,21.3,39,0.0,0.8
2026-09-19 04:00:00,Gilgit,23.3,31,0.0,1.6
2026-09-19 05:00:00,Gilgit,25.0,26,0.0,2.0
2026-09-19 06:00:00,Gilgit,25.4,25,0.0,2.0
2026-09-19 07:00:00,Gilgit,27.1,24,0.0,3.5
2026-09-19 08:00:00,Gilgit,27.9,23,0.0,2.3
2026-09-19 09:00:00,Gilgit,28.4,21,0.0,1.9
2026-09-19 10:00:00,Gilgit,28.6,21,0.0,2.5
2026-09-19 11:00:00,Gilgit,28.4,21,0.0,2.9
2026-09-19 12:00:00,Gilgit,27.0,24,0.0,2.3
2026-09-19 13:00:00,Gilgit,24.4,29,0.0,0.9
2026-09-19 14:00:00,Gilgit,23.1,31,0.0,1.5
2026-09-19 15:00:00,Gilgit,21.6,35,0.0,1.3
2026-09-19 16:00:00,Gilgit,20.1,40,0.0,2.0
2026-09-19 17:00:00,Gilgit,18.5,47,0.0,2.7
2026-09-19 18:00:00,Gilgit,21.4,37,0.0,0.9
2026-09-19 19:00:00,Gilgit,19.4,43,0.0,2.0
2026-09-19 20:00:00,Gilgit,18.1,47,0.0,2.2
2026-09-19 21:00:00,Gilgit,17.2,50,0.0,2.2
2026-09-19 22:00:00,Gilgit,16.8,50,0.0,1.3
2026-09-19 23:00:00,Gilgit,17.1,48,0.0,1.3
2026-09-20 00:00:00,Gilgit,19.1,43,0.0,0.6
2026-09-20 01:00:00,Gilgit,17.8,45,0.0,1.2
2026-09-20 02:00:00,Gilgit,20.6,46,0.0,1.2
2026-09-20 03:00:00,Gilgit,25.3,29,0.0,2.7
2026-09-20 04:00:00,Gilgit,26.9,21,0.0,5.3
2026-09-20 05:00:00,Gilgit,28.0,19,0.0,4.0
2026-09-20 06:00:00,Gilgit,28.0,20,0.0,2.2
2026-09-20 07:00:00,Gilgit,29.1,20,0.0,2.7
2026-09-20 08:00:00,Gilgit,29.1,20,0.0,5.0
2026-09-20 09:00:00,Gilgit,28.5,21,0.0,4.6
2026-09-20 10:00:00,Gilgit,28.0,25,0.0,3.5
2026-09-20 11:00:00,Gilgit,27.5,25,0.0,3.2
2026-09-20 12:00:00,Gilgit,26.1,30,0.0,2.2
2026-09-20 13:00:00,Gilgit,23.8,33,0.0,1.5
2026-09-20 14:00:00,Gilgit,23.3,36,0.0,1.3
2026-09-20 15:00:00,Gilgit,22.7,39,0.0,1.2
2026-09-20 16:00:00,Gilgit,22.5,39,0.0,0.9
2026-09-20 17:00:00,Gilgit,22.0,39,0.0,1.2
2026-09-20 18:00:00,Gilgit,21.9,39,0.0,1.3
2026-09-20 19:00:00,Gilgit,20.0,43,0.0,2.1
2026-09-20 20:00:00,Gilgit,18.7,45,0.0,2.3
2026-09-20 21:00:00,Gilgit,18.4,45,0.0,1.5
2026-09-20 22:00:00,Gilgit,18.1,45,0.0,1.8
2026-09-20 23:00:00,Gilgit,17.9,45,0.0,1.3
2026-09-21 00:00:00,Gilgit,18.5,45,0.0,0.4
2026-09-21 01:00:00,Gilgit,17.6,48,0.0,0.6
2026-09-21 02:00:00,Gilgit,20.0,52,0.1,0.6
2026-09-21 03:00:00,Gilgit,24.0,36,0.0,2.6
2026-09-21 04:00:00,Gilgit,25.7,28,0.0,4.8
2026-09-21 05:00:00,Gilgit,26.7,26,0.0,5.3
2026-09-21 06:00:00,Gilgit,27.0,24,0.1,2.2
2026-09-21 07:00:00,Gilgit,27.4,24,0.1,4.5
2026-09-21 08:00:00,Gilgit,28.0,24,0.1,1.6
2026-09-21 09:00:00,Gilgit,27.9,24,0.1,3.9
2026-09-21 10:00:00,Gilgit,27.3,25,0.1,2.5
2026-09-21 11:00:00,Gilgit,26.6,26,0.0,4.0
2026-09-21 12:00:00,Gilgit,24.6,34,0.0,3.4
2026-09-21 13:00:00,Gilgit,22.2,42,0.0,2.7
2026-09-21 14:00:00,Gilgit,20.9,48,0.0,3.1
2026-09-21 15:00:00,Gilgit,19.4,55,0.0,1.7
2026-09-21 16:00:00,Gilgit,18.1,58,0.0,4.2
2026-09-21 17:00:00,Gilgit,17.1,59,0.0,3.3
2026-09-21 18:00:00,Gilgit,17.8,60,0.0,0.4
2026-09-21 19:00:00,Gilgit,16.6,63,0.0,1.7
2026-09-21 20:00:00,Gilgit,16.0,64,0.0,0.5
2026-09-21 21:00:00,Gilgit,15.5,66,0.0,0.4
2026-09-21 22:00:00,Gilgit,15.0,68,0.0,0.6
2026-09-21 23:00:00,Gilgit,15.2,66,0.0,0.6
2026-09-22 00:00:00,Gilgit,16.3,62,0.0,0.4
2026-09-22 01:00:00,Gilgit,15.8,62,0.0,0.6
2026-09-22 02:00:00,Gilgit,18.6,60,0.0,0.4
2026-09-22 03:00:00,Gilgit,22.5,42,0.0,1.2
2026-09-22 04:00:00,Gilgit,24.9,32,0.0,1.0
2026-09-22 05:00:00,Gilgit,26.4,27,0.0,2.7
2026-09-22 06:00:00,Gilgit,27.0,23,0.0,0.9
2026-09-22 07:00:00,Gilgit,28.1,22,0.1,1.9
2026-09-22 08:00:00,Gilgit,28.6,21,0.1,3.9
2026-09-22 09:00:00,Gilgit,29.2,19,0.0,0.9
2026-09-22 10:00:00,Gilgit,29.1,19,0.0,2.6
2026-09-22 11:00:00,Gilgit,28.9,18,0.0,4.0
2026-09-22 12:00:00,Gilgit,27.5,30,0.0,2.3
2026-09-22 13:00:00,Gilgit,24.6,23,0.0,1.0
2026-09-22 14:00:00,Gilgit,22.7,26,0.0,2.3
2026-09-22 15:00:00,Gilgit,20.4,32,0.0,3.1
2026-09-22 16:00:00,Gilgit,18.8,37,0.0,2.3
2026-09-22 17:00:00,Gilgit,18.1,39,0.0,1.7
2026-09-22 18:00:00,Gilgit,20.7,33,0.0,0.3
2026-09-22 19:00:00,Gilgit,19.2,33,0.0,1.8
2026-09-22 20:00:00,Gilgit,17.8,36,0.0,1.9
2026-09-22 21:00:00,Gilgit,16.8,39,0.0,1.5
2026-09-22 22:00:00,Gilgit,16.5,39,0.0,1.4
2026-09-22 23:00:00,Gilgit,16.6,38,0.0,1.5
2026-09-23 00:00:00,Gilgit,17.8,38,0.0,1.0
2026-09-23 01:00:00,Gilgit,17.0,38,0.0,1.8
2026-09-23 02:00:00,Gilgit,19.8,41,0.0,0.6
2026-09-23 03:00:00,Gilgit,24.2,25,0.0,0.6
2026-09-23 04:00:00,Gilgit,26.6,20,0.0,0.6
2026-09-23 05:00:00,Gilgit,28.0,18,0.0,0.6
2026-09-23 06:00:00,Gilgit,28.5,16,0.0,1.0
2026-09-23 07:00:00,Gilgit,29.5,16,0.0,2.4
2026-09-23 08:00:00,Gilgit,29.6,14,0.0,4.6
2026-09-23 09:00:00,Gilgit,29.6,13,0.0,3.2
2026-09-23 10:00:00,Gilgit,29.1,13,0.0,2.3
2026-09-23 11:00:00,Gilgit,28.8,14,0.0,1.5
2026-09-23 12:00:00,Gilgit,27.3,25,0.0,1.8
2026-09-23 13:00:00,Gilgit,24.8,19,0.0,1.7
2026-09-23 14:00:00,Gilgit,24.5,18,0.0,1.2
2026-09-23 15:00:00,Gilgit,23.9,19,0.0,0.4
2026-09-23 16:00:00,Gilgit,20.5,33,0.0,5.9
2026-09-23 17:00:00,Gilgit,19.2,40,0.0,5.4
2026-09-23 18:00:00,Gilgit,20.8,34,0.0,1.0
2026-09-23 19:00:00,Gilgit,18.4,43,0.0,4.0
2026-09-23 20:00:00,Gilgit,17.8,45,0.0,2.6
2026-09-23 21:00:00,Gilgit,16.6,50,0.0,2.8
2026-09-23 22:00:00,Gilgit,16.2,53,0.0,2.5
2026-09-23 23:00:00,Gilgit,15.6,55,0.0,1.0
2026-09-24 00:00:00,Gilgit,18.3,48,0.0,1.0
2026-09-24 01:00:00,Gilgit,15.5,59,0.0,1.8
2026-09-24 02:00:00,Gilgit,18.3,54,0.0,1.4
2026-09-24 03:00:00,Gilgit,22.9,38,0.0,0.8
2026-09-24 04:00:00,Gilgit,24.8,28,0.0,3.3
2026-09-24 05:00:00,Gilgit,26.1,25,0.0,1.7
2026-09-24 06:00:00,Gilgit,26.8,22,0.0,3.6
2026-09-24 07:00:00,Gilgit,27.1,23,0.1,3.8
2026-09-24 08:00:00,Gilgit,27.1,23,0.2,5.8
2026-09-24 09:00:00,Gilgit,27.4,21,0.1,5.5
2026-09-24 10:00:00,Gilgit,27.0,21,0.0,3.9
2026-09-24 11:00:00,Gilgit,26.2,24,0.2,4.6
2026-09-24 12:00:00,Gilgit,23.3,37,0.0,4.2
2026-09-24 13:00:00,Gilgit,21.0,45,0.0,2.3
2026-09-24 14:00:00,Gilgit,20.5,52,0.0,3.0
2026-09-24 15:00:00,Gilgit,20.3,55,0.0,2.9
2026-09-24 16:00:00,Gilgit,20.0,53,0.0,2.8
2026-09-24 17:00:00,Gilgit,19.8,50,0.0,2.7
2026-09-24 18:00:00,Gilgit,19.7,48,0.0,1.6
2026-09-24 19:00:00,Gilgit,18.8,52,0.1,2.7
2026-09-24 20:00:00,Gilgit,18.1,54,0.0,1.6
2026-09-24 21:00:00,Gilgit,18.1,55,0.1,1.2
2026-09-24 22:00:00,Gilgit,18.3,55,0.3,1.2
2026-09-24 23:00:00,Gilgit,18.7,54,0.4,0.4
2026-09-25 00:00:00,Gilgit,18.3,57,1.4,0.7
2026-09-25 01:00:00,Gilgit,17.4,54,0.0,1.6
2026-09-25 02:00:00,Gilgit,18.5,58,0.0,1.7
2026-09-25 03:00:00,Gilgit,21.2,38,0.0,3.1
2026-09-25 04:00:00,Gilgit,22.6,32,0.0,2.6
2026-09-25 05:00:00,Gilgit,24.1,29,0.0,2.7
2026-09-25 06:00:00,Gilgit,24.9,27,0.0,1.7
2026-09-25 07:00:00,Gilgit,26.3,25,0.0,0.9
2026-09-25 08:00:00,Gilgit,27.0,25,0.0,0.4
2026-09-25 09:00:00,Gilgit,27.4,24,0.1,2.0
2026-09-25 10:00:00,Gilgit,27.3,23,0.1,2.7
2026-09-25 11:00:00,Gilgit,26.9,23,0.0,0.9
2026-09-25 12:00:00,Gilgit,25.6,37,0.0,0.9
2026-09-25 13:00:00,Gilgit,23.2,31,0.0,1.3
2026-09-25 14:00:00,Gilgit,22.9,36,0.0,0.6
2026-09-25 15:00:00,Gilgit,21.2,37,0.0,0.0
2026-09-25 16:00:00,Gilgit,19.7,45,0.0,1.2
2026-09-25 17:00:00,Gilgit,18.2,52,0.0,2.1
2026-09-25 18:00:00,Gilgit,20.3,40,0.0,1.3
2026-09-25 19:00:00,Gilgit,18.7,54,0.1,1.8
2026-09-25 20:00:00,Gilgit,18.4,61,0.2,1.7
2026-09-25 21:00:00,Gilgit,18.4,63,0.5,0.6
2026-09-25 22:00:00,Gilgit,18.5,64,1.4,0.8
2026-09-25 23:00:00,Gilgit,18.2,58,0.9,0.4
2026-09-26 00:00:00,Gilgit,17.2,57,0.2,0.5
2026-09-26 01:00:00,Gilgit,15.6,66,1.0,0.9
2026-09-26 02:00:00,Gilgit,16.2,70,0.3,3.0
2026-09-26 03:00:00,Gilgit,17.4,75,0.5,1.0
2026-09-26 04:00:00,Gilgit,20.1,45,0.1,1.6
2026-09-26 05:00:00,Gilgit,21.9,38,0.0,0.7
2026-09-26 06:00:00,Gilgit,22.6,34,0.0,1.3
2026-09-26 07:00:00,Gilgit,24.7,29,0.0,1.1
2026-09-26 08:00:00,Gilgit,25.8,26,0.0,1.0
2026-09-26 09:00:00,Gilgit,26.6,24,0.0,1.0
2026-09-26 10:00:00,Gilgit,26.8,23,0.0,0.2
2026-09-26 11:00:00,Gilgit,26.5,22,0.0,1.5
2026-09-26 12:00:00,Gilgit,25.0,35,0.0,2.5
2026-09-26 13:00:00,Gilgit,22.9,30,0.0,0.8
2026-09-26 14:00:00,Gilgit,21.2,36,0.0,2.6
2026-09-26 15:00:00,Gilgit,19.6,42,0.0,2.6
2026-09-26 16:00:00,Gilgit,17.6,49,0.0,3.6
2026-09-26 17:00:00,Gilgit,16.0,55,0.0,3.5
2026-09-26 18:00:00,Gilgit,17.8,51,0.0,0.7
2026-09-26 19:00:00,Gilgit,15.7,57,0.0,2.4
2026-09-26 20:00:00,Gilgit,14.8,60,0.0,2.1
2026-09-26 21:00:00,Gilgit,14.4,60,0.0,1.5
2026-09-26 22:00:00,Gilgit,14.6,58,0.0,1.0
2026-09-26 23:00:00,Gilgit,15.0,55,0.0,1.0
2026-09-27 00:00:00,Gilgit,16.7,50,0.0,0.6
2026-09-27 01:00:00,Gilgit,16.0,47,0.0,1.7
2026-09-27 02:00:00,Gilgit,18.6,46,0.0,1.5
2026-09-27 03:00:00,Gilgit,23.1,29,0.0,1.8
2026-09-27 04:00:00,Gilgit,25.0,22,0.0,1.9
2026-09-27 05:00:00,Gilgit,26.3,19,0.0,1.3
2026-09-27 06:00:00,Gilgit,26.9,17,0.0,1.1
2026-09-27 07:00:00,Gilgit,28.1,17,0.0,2.8
2026-09-27 08:00:00,Gilgit,28.5,18,0.0,3.3
2026-09-27 09:00:00,Gilgit,28.6,18,0.0,0.7
2026-09-27 10:00:00,Gilgit,28.3,19,0.0,0.3
2026-09-27 11:00:00,Gilgit,27.8,20,0.0,2.4
2026-09-27 12:00:00,Gilgit,26.4,31,0.0,1.1
2026-09-27 13:00:00,Gilgit,23.9,26,0.0,0.9
2026-09-27 14:00:00,Gilgit,23.5,26,0.0,1.5
2026-09-27 15:00:00,Gilgit,23.1,27,0.0,1.3
2026-09-27 16:00:00,Gilgit,21.8,29,0.0,0.8
2026-09-27 17:00:00,Gilgit,19.3,36,0.0,1.0
2026-09-27 18:00:00,Gilgit,20.3,35,0.0,0.6
2026-09-27 19:00:00,Gilgit,17.8,43,0.0,2.6
2026-09-27 20:00:00,Gilgit,17.5,45,0.0,0.5
2026-09-27 21:00:00,Gilgit,17.0,46,0.0,1.7
2026-09-27 22:00:00,Gilgit,16.4,47,0.0,1.9
2026-09-27 23:00:00,Gilgit,16.3,46,0.0,0.9
2026-09-28 00:00:00,Gilgit,17.7,44,0.0,0.4
2026-09-28 01:00:00,Gilgit,17.8,41,0.0,0.6
2026-09-28 02:00:00,Gilgit,19.3,43,0.0,2.6
2026-09-28 03:00:00,Gilgit,23.1,44,0.0,1.4
2026-09-28 04:00:00,Gilgit,24.8,25,0.0,5.6
2026-09-28 05:00:00,Gilgit,25.8,24,0.0,6.7
2026-09-28 06:00:00,Gilgit,26.5,23,0.0,4.0
2026-09-28 07:00:00,Gilgit,27.2,22,0.0,5.4
2026-09-28 08:00:00,Gilgit,27.0,22,0.0,6.2
2026-09-28 09:00:00,Gilgit,27.3,22,0.1,4.9
2026-09-28 10:00:00,Gilgit,26.1,31,0.2,6.6
2026-09-28 11:00:00,Gilgit,25.4,28,0.2,3.6
2026-09-28 12:00:00,Gilgit,25.0,35,0.0,1.8
2026-09-28 13:00:00,Gilgit,22.6,27,0.0,2.7
2026-09-28 14:00:00,Gilgit,22.5,27,0.0,0.9
2026-09-28 15:00:00,Gilgit,21.4,29,0.0,1.0
2026-09-28 16:00:00,Gilgit,18.5,44,0.0,3.1
2026-09-28 17:00:00,Gilgit,16.4,59,0.0,2.8
2026-09-28 18:00:00,Gilgit,19.5,40,0.0,1.0
2026-09-28 19:00:00,Gilgit,16.7,54,0.0,3.1
2026-09-28 20:00:00,Gilgit,16.1,61,0.0,4.1
2026-09-28 21:00:00,Gilgit,16.0,64,0.0,3.6
2026-09-28 22:00:00,Gilgit,15.7,67,0.0,2.3
2026-09-28 23:00:00,Gilgit,15.4,70,0.0,3.3
2026-09-29 00:00:00,Gilgit,17.3,55,0.0,0.6
2026-09-29 01:00:00,Gilgit,16.0,61,0.0,2.2
2026-09-29 02:00:00,Gilgit,17.6,62,0.0,2.7
2026-09-29 03:00:00,Gilgit,21.5,43,0.0,1.3
2026-09-29 04:00:00,Gilgit,23.3,31,0.0,3.3
2026-09-29 05:00:00,Gilgit,24.2,29,0.0,2.3
2026-09-29 06:00:00,Gilgit,25.2,28,0.0,1.4
2026-09-29 07:00:00,Gilgit,25.9,28,0.1,4.2
2026-09-29 08:00:00,Gilgit,26.3,27,0.2,3.6
2026-09-29 09:00:00,Gilgit,27.0,26,0.2,4.8
2026-09-29 10:00:00,Gilgit,26.9,25,0.1,6.3
2026-09-29 11:00:00,Gilgit,26.5,24,0.0,6.0
2026-09-29 12:00:00,Gilgit,25.3,36,0.0,1.8
2026-09-29 13:00:00,Gilgit,23.0,30,0.0,1.7
2026-09-29 14:00:00,Gilgit,22.6,30,0.0,1.4
2026-09-29 15:00:00,Gilgit,22.1,31,0.0,0.9
2026-09-29 16:00:00,Gilgit,20.2,36,0.0,1.5
2026-09-29 17:00:00,Gilgit,18.8,41,0.0,2.7
2026-09-29 18:00:00,Gilgit,18.4,44,0.0,0.9
2026-09-29 19:00:00,Gilgit,16.7,47,0.0,2.3
2026-09-29 20:00:00,Gilgit,15.7,50,0.0,2.7
2026-09-29 21:00:00,Gilgit,15.2,51,0.0,2.4
2026-09-29 22:00:00,Gilgit,15.1,49,0.0,2.6
2026-09-29 23:00:00,Gilgit,15.3,47,0.0,2.2
2026-09-30 00:00:00,Gilgit,16.8,42,0.0,0.5
2026-09-30 01:00:00,Gilgit,15.8,43,0.0,2.3
2026-09-30 02:00:00,Gilgit,17.8,47,0.0,3.1
2026-09-30 03:00:00,Gilgit,21.6,33,0.0,4.0
2026-09-30 04:00:00,Gilgit,23.8,28,0.0,2.8
2026-09-30 05:00:00,Gilgit,25.2,25,0.0,2.2
2026-09-30 06:00:00,Gilgit,25.7,23,0.0,0.3
2026-09-30 07:00:00,Gilgit,27.1,22,0.0,0.6
2026-09-30 08:00:00,Gilgit,27.6,21,0.0,2.8
2026-09-30 09:00:00,Gilgit,27.6,21,0.0,1.2
2026-09-30 10:00:00,Gilgit,27.6,22,0.0,2.5
2026-09-30 11:00:00,Gilgit,26.8,21,0.0,5.2
2026-09-30 12:00:00,Gilgit,24.8,34,0.0,2.4
2026-09-30 13:00:00,Gilgit,22.5,29,0.0,1.0
2026-09-30 14:00:00,Gilgit,22.2,29,0.0,1.3
2026-09-30 15:00:00,Gilgit,21.3,31,0.0,1.3
2026-09-30 16:00:00,Gilgit,20.6,33,0.0,1.0
2026-09-30 17:00:00,Gilgit,19.6,34,0.0,0.9
2026-09-30 18:00:00,Gilgit,19.8,35,0.0,0.5
2026-09-30 19:00:00,Gilgit,18.2,38,0.0,0.5
2026-09-30 20:00:00,Gilgit,17.0,41,0.0,1.2
2026-09-30 21:00:00,Gilgit,16.3,43,0.0,1.2
2026-09-30 22:00:00,Gilgit,15.8,44,0.0,1.3
2026-09-30 23:00:00,Gilgit,15.5,44,0.0,1.7
2026-10-01 00:00:00,Gilgit,17.3,38,0.0,0.6
2026-10-01 01:00:00,Gilgit,16.0,40,0.0,1.4
2026-10-01 02:00:00,Gilgit,18.4,43,0.0,1.3
2026-10-01 03:00:00,Gilgit,23.4,28,0.0,1.7
2026-10-01 04:00:00,Gilgit,25.3,24,0.0,3.4
2026-10-01 05:00:00,Gilgit,26.4,23,0.0,4.6
2026-10-01 06:00:00,Gilgit,26.9,22,0.0,3.5
2026-10-01 07:00:00,Gilgit,28.1,21,0.0,6.9
2026-10-01 08:00:00,Gilgit,28.2,20,0.0,7.2
2026-10-01 09:00:00,Gilgit,28.2,19,0.0,7.4
2026-10-01 10:00:00,Gilgit,28.5,18,0.0,6.9
2026-10-01 11:00:00,Gilgit,27.9,18,0.0,8.6
2026-10-01 12:00:00,Gilgit,26.8,28,0.0,2.7
2026-10-01 13:00:00,Gilgit,24.1,23,0.0,3.9
2026-10-01 14:00:00,Gilgit,23.5,25,0.0,1.9
2026-10-01 15:00:00,Gilgit,22.7,30,0.0,2.3
2026-10-01 16:00:00,Gilgit,22.1,32,0.0,1.5
2026-10-01 17:00:00,Gilgit,21.3,33,0.0,1.3
2026-10-01 18:00:00,Gilgit,20.3,37,0.0,1.3
2026-10-01 19:00:00,Gilgit,19.4,40,0.0,1.0
2026-10-01 20:00:00,Gilgit,18.5,45,0.0,1.3
2026-10-01 21:00:00,Gilgit,18.5,47,0.0,1.1
2026-10-01 22:00:00,Gilgit,18.0,52,0.0,0.8
2026-10-01 23:00:00,Gilgit,17.8,54,0.0,1.0
2026-10-02 00:00:00,Gilgit,18.7,39,0.0,0.2
2026-10-02 01:00:00,Gilgit,17.5,43,0.0,0.8
2026-10-02 02:00:00,Gilgit,19.5,45,0.0,0.5
2026-10-02 03:00:00,Gilgit,22.9,29,0.0,1.4
2026-10-02 04:00:00,Gilgit,23.6,28,0.0,1.9
2026-10-02 05:00:00,Gilgit,24.7,27,0.0,0.7
2026-10-02 06:00:00,Gilgit,25.3,26,0.0,0.9
2026-10-02 07:00:00,Gilgit,26.6,24,0.0,2.3
2026-10-02 08:00:00,Gilgit,27.1,23,0.0,2.2
2026-10-02 09:00:00,Gilgit,27.5,22,0.0,1.1
2026-10-02 10:00:00,Gilgit,27.5,21,0.0,4.7
2026-10-02 11:00:00,Gilgit,26.8,22,0.0,3.4
2026-10-02 12:00:00,Gilgit,24.6,36,0.0,0.9
2026-10-02 13:00:00,Gilgit,22.6,32,0.0,0.3
2026-10-02 14:00:00,Gilgit,21.7,35,0.0,0.8
2026-10-02 15:00:00,Gilgit,20.7,40,0.0,1.4
2026-10-02 16:00:00,Gilgit,19.7,44,0.0,1.4
2026-10-02 17:00:00,Gilgit,19.0,44,0.0,1.8
2026-10-02 18:00:00,Gilgit,19.5,47,0.0,0.7
2026-10-02 19:00:00,Gilgit,17.9,50,0.0,2.2
2026-10-02 20:00:00,Gilgit,17.0,51,0.0,2.4
2026-10-02 21:00:00,Gilgit,16.7,51,0.0,1.5
2026-10-02 22:00:00,Gilgit,16.6,52,0.0,1.4
2026-10-02 23:00:00,Gilgit,16.2,54,0.0,1.5
